num__age,num__annual_income,num__loan_amount,num__credit_score,num__repayment_history,num__transaction_count,num__spending_ratio,num__debt_to_income_ratio,num__avg_monthly_transactions,num__spending_to_income_ratio,cat__gender_Female,cat__gender_Male,cat__gender_Other,cat__region_East,cat__region_North,cat__region_South,cat__region_West,cat__education_level_Graduate,cat__education_level_Post-Graduate,cat__education_level_Primary,cat__education_level_Secondary,cat__employment_type_Salaried,cat__employment_type_Self-Employed,cat__employment_type_Unemployed,cat__loan_purpose_Business,cat__loan_purpose_Car,cat__loan_purpose_Education,cat__loan_purpose_Home,cat__loan_purpose_Other,default_flag
0.35714285714285715,0.4374962625996576,4.635871404084016,0.175140070554057,0.5,0.2857142857142857,-0.2977020692808962,2.2737809601979215,0.28571428571428537,-0.2977020692808963,0.0,1.0,0.0,0.0,0.0,1.0,0.0,0.0,0.0,1.0,0.0,1.0,0.0,0.0,0.0,0.0,0.0,0.0,1.0,0
-0.14285714285714285,-0.3838775169644087,-0.1870740159454335,0.9304835028014111,0.0,-0.14285714285714285,-1.0929461529667315,0.11923684075496123,-0.14285714285714307,-1.0929461529667317,0.0,1.0,0.0,0.0,0.0,0.0,1.0,1.0,0.0,0.0,0.0,1.0,0.0,0.0,0.0,1.0,0.0,0.0,0.0,0
0.5,0.28737723672994797,0.7023108823285755,-0.073044200041502,0.0,-0.14285714285714285,0.706070652795244,0.26889320425857455,-0.14285714285714307,0.7060706527952442,1.0,0.0,0.0,1.0,0.0,0.0,0.0,0.0,1.0,0.0,0.0,1.0,0.0,0.0,1.0,0.0,0.0,0.0,0.0,0
1.2142857142857142,-0.5686182308416269,-0.37989826461575577,-0.9113924050632906,-0.5,0.14285714285714285,-0.8789299188293128,0.09750252904149453,0.14285714285714232,-0.878929918829313,1.0,0.0,0.0,0.0,0.0,0.0,1.0,0.0,0.0,0.0,1.0,1.0,0.0,0.0,0.0,1.0,0.0,0.0,0.0,0
-0.21428571428571427,0.16044601105524797,-0.8648004905728279,1.4318323303589953,-1.0,0.0,-1.0211501086086658,-0.6192689532684444,0.0,-1.021150108608666,0.0,1.0,0.0,0.0,0.0,0.0,1.0,1.0,0.0,0.0,0.0,1.0,0.0,0.0,0.0,0.0,1.0,0.0,0.0,0
-0.21428571428571427,0.0,-0.09984092633943391,-0.3104378501763849,-0.5,-0.2857142857142857,0.18291985823710988,-0.06875651214059958,-0.28571428571428575,0.18291985823710982,1.0,0.0,0.0,0.0,1.0,0.0,0.0,0.0,1.0,0.0,0.0,0.0,0.0,1.0,0.0,0.0,0.0,1.0,0.0,0
1.2142857142857142,0.5705287239798426,-0.16202390729850935,0.1328076364390952,-1.0,-0.14285714285714285,0.6045501314736481,-0.3136684655309299,-0.14285714285714307,0.6045501314736481,0.0,1.0,0.0,0.0,0.0,1.0,0.0,0.0,1.0,0.0,0.0,0.0,1.0,0.0,0.0,1.0,0.0,0.0,0.0,0
0.5714285714285714,-0.29714396257551434,-0.24377618204456125,0.8366881095662996,1.0,1.0,1.970961472504859,0.0003099392414989497,0.9999999999999992,1.9709614725048594,1.0,0.0,0.0,1.0,0.0,0.0,0.0,0.0,1.0,0.0,0.0,0.0,0.0,1.0,0.0,1.0,0.0,0.0,0.0,1
-0.35714285714285715,0.2307115510636161,-0.06189126758222168,-0.4083834820502182,0.0,1.0,0.15822567737510007,-0.1498400570585134,0.9999999999999992,0.15822567737510015,1.0,0.0,0.0,0.0,1.0,0.0,0.0,1.0,0.0,0.0,0.0,1.0,0.0,0.0,1.0,0.0,0.0,0.0,0.0,0
0.0,-0.1796990829304366,0.23327100476176407,-0.6905997094832955,-0.5,0.2857142857142857,-0.06950954613010173,0.2984685962740767,0.28571428571428537,-0.06950954613010173,1.0,0.0,0.0,0.0,1.0,0.0,0.0,0.0,1.0,0.0,0.0,0.0,0.0,1.0,0.0,0.0,0.0,0.0,1.0,0
-0.35714285714285715,0.0,-0.08624385701015656,0.20004150238638738,1.5,-1.0,0.0635646507373957,-0.059393591870787216,-1.0,0.0635646507373958,1.0,0.0,0.0,0.0,1.0,0.0,0.0,1.0,0.0,0.0,0.0,1.0,0.0,0.0,0.0,1.0,0.0,0.0,0.0,1
-0.35714285714285715,-0.2391732181188993,-0.638000193874615,-1.2442415438887733,-0.5,0.2857142857142857,-0.819938264547845,-0.36248730406377766,0.28571428571428537,-0.8199382645478452,1.0,0.0,0.0,0.0,0.0,0.0,1.0,0.0,0.0,0.0,1.0,1.0,0.0,0.0,0.0,0.0,0.0,1.0,0.0,0
0.21428571428571427,-0.12383478378664503,0.43999072479179124,-0.18261050010375593,0.0,-0.7142857142857143,0.7842688921916084,0.40703003080716443,-0.7142857142857142,0.7842688921916087,0.0,1.0,0.0,0.0,0.0,1.0,0.0,0.0,0.0,0.0,1.0,1.0,0.0,0.0,0.0,1.0,0.0,0.0,0.0,1
-1.4285714285714286,0.1887291627317976,-0.8336180426622831,0.19340112056443204,0.5,-0.5714285714285714,-0.2528867040128043,-0.6039371885917044,-0.5714285714285715,-0.2528867040128044,1.0,0.0,0.0,0.0,0.0,1.0,0.0,1.0,0.0,0.0,0.0,1.0,0.0,0.0,0.0,0.0,1.0,0.0,0.0,0
-1.3571428571428572,-0.6213828835248145,-0.8562282515968972,-0.16932973645984623,-0.5,1.1428571428571428,-0.5386989825082884,-0.4097761447584425,1.1428571428571423,-0.5386989825082886,0.0,1.0,0.0,1.0,0.0,0.0,0.0,0.0,0.0,0.0,1.0,0.0,1.0,0.0,0.0,0.0,0.0,1.0,0.0,0
-0.42857142857142855,-0.6319848264436296,0.7118079721690356,-1.0682714256069725,-0.5,0.5714285714285714,-0.4120269806790899,1.4774937394107164,0.5714285714285707,-0.41202698067909,1.0,0.0,0.0,0.0,0.0,1.0,0.0,1.0,0.0,0.0,0.0,1.0,0.0,0.0,1.0,0.0,0.0,0.0,0.0,1
-0.7857142857142857,-0.7896340299048681,0.46085029563607954,1.1454658642871962,0.0,0.0,-0.4152280781982393,1.6347114370830196,0.0,-0.4152280781982394,1.0,0.0,0.0,0.0,0.0,1.0,0.0,1.0,0.0,0.0,0.0,1.0,0.0,0.0,0.0,0.0,0.0,0.0,1.0,0
0.21428571428571427,-0.8658147240684214,-0.02148538659595336,0.09379539323511063,-0.5,-0.7142857142857143,1.9179147136160972,1.1418690147697281,-0.7142857142857142,1.9179147136160974,1.0,0.0,0.0,0.0,1.0,0.0,0.0,0.0,0.0,0.0,1.0,1.0,0.0,0.0,0.0,0.0,0.0,0.0,1.0,0
-0.7142857142857143,-0.7211834678427871,-0.6819997260266941,1.0300892301307325,-0.5,0.7142857142857143,0.7508860180633361,-0.11993994073236423,0.7142857142857139,0.7508860180633362,0.0,1.0,0.0,0.0,1.0,0.0,0.0,1.0,0.0,0.0,0.0,1.0,0.0,0.0,0.0,0.0,0.0,1.0,0.0,0
-1.1428571428571428,0.14104131016501287,-0.4082053897239312,-0.16268935463789183,0.0,0.5714285714285714,-0.8313707556876644,-0.32954516958397395,0.5714285714285707,-0.8313707556876646,1.0,0.0,0.0,0.0,0.0,0.0,1.0,1.0,0.0,0.0,0.0,1.0,0.0,0.0,1.0,0.0,0.0,0.0,0.0,0
1.1428571428571428,-0.572400275476955,-0.1602113372306485,-0.6001245071591612,-1.0,0.42857142857142855,0.1271293014747914,0.3477971550794423,0.42857142857142844,0.12712930147479135,1.0,0.0,0.0,0.0,1.0,0.0,0.0,0.0,0.0,0.0,1.0,1.0,0.0,0.0,1.0,0.0,0.0,0.0,0.0,0
-0.14285714285714285,0.490213265858106,-0.7427596202432982,0.21083212284706349,0.5,-0.14285714285714285,0.5185777981022066,-0.5928171065860384,-0.14285714285714307,0.5185777981022068,1.0,0.0,0.0,0.0,1.0,0.0,0.0,0.0,0.0,1.0,0.0,0.0,1.0,0.0,0.0,1.0,0.0,0.0,0.0,0
0.07142857142857142,0.0333726483905208,-0.42318811135592527,-0.13114754098360615,-0.5,-0.7142857142857143,-0.07408254258602938,-0.30346383131082544,-0.7142857142857142,-0.07408254258602948,0.0,1.0,0.0,0.0,1.0,0.0,0.0,0.0,0.0,1.0,0.0,0.0,1.0,0.0,0.0,0.0,1.0,0.0,0.0,0
-1.1428571428571428,-0.9789035214283781,0.6138108020888172,-0.810126582278481,-0.5,1.1428571428571428,0.9296901794901108,2.8740915536055107,1.1428571428571423,0.929690179490111,0.0,1.0,0.0,0.0,1.0,0.0,0.0,0.0,0.0,0.0,1.0,1.0,0.0,0.0,1.0,0.0,0.0,0.0,0.0,1
-0.42857142857142855,0.6497212295690666,1.6983409668739138,1.0574808051462956,-0.5,-0.7142857142857143,0.4129415799702756,0.557544916199549,-0.7142857142857142,0.4129415799702756,0.0,1.0,0.0,0.0,0.0,0.0,1.0,0.0,1.0,0.0,0.0,1.0,0.0,0.0,0.0,1.0,0.0,0.0,0.0,1
0.07142857142857142,0.8405309982122473,-0.255143122150772,-0.4183440547831498,0.5,-0.14285714285714285,-0.9351777752372241,-0.4156283563615963,-0.14285714285714307,-0.9351777752372245,0.0,1.0,0.0,0.0,1.0,0.0,0.0,0.0,0.0,0.0,1.0,1.0,0.0,0.0,0.0,1.0,0.0,0.0,0.0,0
-0.9285714285714286,-0.6216215633334106,0.7319549399171396,-1.277443452998547,0.5,-0.5714285714285714,0.45958614382073876,1.4735033600393816,-0.5714285714285715,0.4595861438207388,1.0,0.0,0.0,1.0,0.0,0.0,0.0,1.0,0.0,0.0,0.0,0.0,1.0,0.0,0.0,1.0,0.0,0.0,0.0,0
0.2857142857142857,0.39140261050834896,-0.8253830714733488,0.9578750778169741,-0.5,0.7142857142857143,-0.6822910712244198,-0.6248564645527901,0.7142857142857139,-0.6822910712244199,0.0,1.0,0.0,1.0,0.0,0.0,0.0,0.0,0.0,0.0,1.0,1.0,0.0,0.0,0.0,0.0,1.0,0.0,0.0,0
-0.5,-0.5540499465624005,0.621654886160871,-0.33533928200871527,0.0,0.14285714285714285,-0.19938264547844972,1.1839705379740646,0.14285714285714232,-0.19938264547844967,0.0,0.0,1.0,1.0,0.0,0.0,0.0,0.0,0.0,0.0,1.0,1.0,0.0,0.0,0.0,0.0,0.0,1.0,0.0,0
-0.21428571428571427,0.08678616616859343,-0.4535597733418991,-0.4083834820502182,0.0,0.2857142857142857,-0.33337144163713267,-0.3414424345620438,0.28571428571428537,-0.3333714416371328,0.0,1.0,0.0,1.0,0.0,0.0,0.0,1.0,0.0,0.0,0.0,1.0,0.0,0.0,0.0,0.0,0.0,0.0,1.0,0
-0.5,-0.7407032358739212,0.2712752187098542,-1.7392405063291134,0.0,-0.2857142857142857,-0.2981593689264891,1.2107191464985574,-0.28571428571428575,-0.2981593689264892,0.0,1.0,0.0,0.0,1.0,0.0,0.0,1.0,0.0,0.0,0.0,1.0,0.0,0.0,0.0,0.0,1.0,0.0,0.0,0
1.4285714285714286,-0.9278863208040923,-0.1506501409121081,1.2492218302552394,-0.5,0.5714285714285714,-0.4989139133417172,1.125782311006637,0.5714285714285707,-0.49891391334171725,1.0,0.0,0.0,1.0,0.0,0.0,0.0,0.0,0.0,1.0,0.0,1.0,0.0,0.0,0.0,0.0,1.0,0.0,0.0,0
0.0,-0.2776881778241375,1.517161498923688,-0.8889811164141939,0.0,-1.1428571428571428,-0.5231507945581341,1.4787824893198467,-1.1428571428571428,-0.5231507945581342,1.0,0.0,0.0,0.0,1.0,0.0,0.0,0.0,0.0,0.0,1.0,0.0,1.0,0.0,0.0,0.0,0.0,1.0,0.0,1
0.0,-0.09314628265899721,-0.4852237217337896,0.062253579580825884,0.0,-1.1428571428571428,1.420829998856751,-0.3002960790653297,-1.1428571428571428,1.420829998856751,0.0,1.0,0.0,0.0,0.0,0.0,1.0,0.0,0.0,1.0,0.0,1.0,0.0,0.0,0.0,0.0,1.0,0.0,0.0,1
0.6428571428571429,-0.2874978476461431,0.5868346364658635,0.6648682299232207,-1.0,-1.5714285714285714,0.22819252315079466,0.70308033317733,-1.5714285714285712,0.2281925231507946,1.0,0.0,0.0,1.0,0.0,0.0,0.0,0.0,0.0,0.0,1.0,1.0,0.0,0.0,0.0,0.0,0.0,1.0,0.0,0
-0.9285714285714286,-0.7071291050549,-0.17079757659070896,0.3179082797260838,0.5,0.5714285714285714,1.2712930147479138,0.5400133750877943,0.5714285714285707,1.271293014747914,1.0,0.0,0.0,0.0,0.0,1.0,0.0,1.0,0.0,0.0,0.0,0.0,1.0,0.0,0.0,0.0,0.0,1.0,0.0,0
0.14285714285714285,-0.28895583350617615,-0.09179164098181262,-0.021581240921353162,-0.5,0.5714285714285714,0.322853549788499,0.12454399120255197,0.5714285714285707,0.32285354978849895,0.0,1.0,0.0,1.0,0.0,0.0,0.0,0.0,0.0,1.0,0.0,0.0,1.0,0.0,0.0,0.0,1.0,0.0,0.0,1
-1.4285714285714286,0.24214800794271554,-0.1089266777477655,-1.1794978211247147,1.0,-0.5714285714285714,-0.14542128729850234,-0.1822500543196679,-0.5714285714285715,-0.14542128729850234,0.0,0.0,1.0,1.0,0.0,0.0,0.0,0.0,0.0,0.0,1.0,1.0,0.0,0.0,0.0,1.0,0.0,0.0,0.0,1
-1.0714285714285714,-0.03157240877367878,-0.4724646608738752,-0.5503216434945004,0.5,0.5714285714285714,-0.4230021721733166,-0.3141717512272129,0.5714285714285707,-0.42300217217331665,0.0,0.0,1.0,0.0,1.0,0.0,0.0,0.0,0.0,0.0,1.0,1.0,0.0,0.0,0.0,0.0,1.0,0.0,0.0,0
0.14285714285714285,0.16174631031161868,0.010009886614453959,0.15355882963270384,1.0,-0.7142857142857143,1.256202126443352,-0.07630214517782745,-0.7142857142857142,1.256202126443352,1.0,0.0,0.0,1.0,0.0,0.0,0.0,0.0,1.0,0.0,0.0,1.0,0.0,0.0,0.0,0.0,0.0,1.0,0.0,1
0.5714285714285714,-0.45380818590209415,-0.02525115360866583,-0.5345507366673581,0.5,1.2857142857142858,0.39967989024808515,0.34493997813124994,1.2857142857142854,0.3996798902480853,0.0,1.0,0.0,0.0,0.0,1.0,0.0,0.0,1.0,0.0,0.0,0.0,0.0,1.0,0.0,1.0,0.0,0.0,0.0,0
0.14285714285714285,1.3506528400493791,0.2133542863434753,0.16434945009337995,-1.0,-0.8571428571428571,2.2403109637590033,-0.3230097729049191,-0.8571428571428573,2.2403109637590037,1.0,0.0,0.0,0.0,1.0,0.0,0.0,0.0,0.0,1.0,0.0,1.0,0.0,0.0,0.0,0.0,0.0,1.0,0.0,1
-0.07142857142857142,-0.7037704425953459,0.08486604942459446,0.5013488275575843,0.0,-0.14285714285714285,-0.7037841545672802,0.8691893598827304,-0.14285714285714307,-0.7037841545672803,0.0,1.0,0.0,0.0,1.0,0.0,0.0,1.0,0.0,0.0,0.0,0.0,0.0,1.0,0.0,0.0,0.0,0.0,1.0,0
-0.21428571428571427,0.462144103907981,0.7811307467516317,0.6997302344884826,0.0,0.5714285714285714,-1.1848633817308791,0.2107245299999645,0.5714285714285707,-1.1848633817308794,0.0,1.0,0.0,0.0,0.0,0.0,1.0,0.0,0.0,0.0,1.0,0.0,1.0,0.0,0.0,0.0,1.0,0.0,0.0,1
-1.1428571428571428,1.3665503323449344,0.9375113847317872,-0.8441585391159994,-0.5,0.7142857142857143,0.15365268091917225,-0.06640151459790049,0.7142857142857139,0.15365268091917214,0.0,1.0,0.0,0.0,0.0,0.0,1.0,0.0,0.0,0.0,1.0,1.0,0.0,0.0,1.0,0.0,0.0,0.0,0.0,0
-0.5714285714285714,0.455041662384044,-0.558753163958504,1.4318323303589953,-0.5,0.2857142857142857,0.4618726420487025,-0.4914000289721917,0.28571428571428537,0.46187264204870265,0.0,1.0,0.0,1.0,0.0,0.0,0.0,1.0,0.0,0.0,0.0,1.0,0.0,0.0,0.0,1.0,0.0,0.0,0.0,1
-0.35714285714285715,-0.1520776687245813,0.8678643067894922,0.5619423116829221,-0.5,-0.8571428571428571,0.9429518692123012,0.7617833542137533,-0.8571428571428573,0.9429518692123012,1.0,0.0,0.0,0.0,0.0,0.0,1.0,0.0,1.0,0.0,0.0,1.0,0.0,0.0,0.0,0.0,0.0,1.0,0.0,0
0.8571428571428571,-0.37034567528027146,-0.6103220774556132,0.0,1.0,-0.5714285714285714,-0.14633588658968785,-0.28090528117204266,-0.5714285714285715,-0.1463358865896878,0.0,1.0,0.0,0.0,0.0,0.0,1.0,0.0,1.0,0.0,0.0,1.0,0.0,0.0,0.0,0.0,0.0,0.0,1.0,0
0.2857142857142857,1.1469885708920033,0.5442935335714364,0.7893753890848724,-0.5,0.42857142857142855,-0.12118440608208522,-0.15457153437608973,0.42857142857142844,-0.12118440608208517,1.0,0.0,0.0,0.0,0.0,0.0,1.0,1.0,0.0,0.0,0.0,1.0,0.0,0.0,0.0,1.0,0.0,0.0,0.0,0
-1.3571428571428572,-0.8026347779156516,0.5783340459066106,0.0,0.0,1.0,0.005487595747113341,1.8583873281937877,0.9999999999999992,0.005487595747113201,0.0,1.0,0.0,0.0,1.0,0.0,0.0,0.0,0.0,0.0,1.0,1.0,0.0,0.0,0.0,1.0,0.0,0.0,0.0,0
0.2857142857142857,-0.6103061500554077,-0.8247360061720583,0.0,-1.0,0.7142857142857143,-0.4092831828055333,-0.3783674023270733,0.7142857142857139,-0.4092831828055334,0.0,1.0,0.0,0.0,1.0,0.0,0.0,1.0,0.0,0.0,0.0,0.0,0.0,1.0,0.0,0.0,1.0,0.0,0.0,0
-0.2857142857142857,-0.2874176927682052,0.09150829530325708,-0.13778792280556149,-0.5,-0.42857142857142855,0.5757402538013034,0.2798763478303221,-0.4285714285714288,0.5757402538013034,0.0,1.0,0.0,0.0,1.0,0.0,0.0,0.0,0.0,0.0,1.0,1.0,0.0,0.0,0.0,0.0,0.0,1.0,0.0,1
-0.5,1.4552876234682424,-0.28307912332423163,-1.657605312305457,1.0,-0.8571428571428571,-0.1079227163598948,-0.5138951819780256,-0.8571428571428573,-0.1079227163598949,0.0,0.0,1.0,0.0,0.0,0.0,1.0,1.0,0.0,0.0,0.0,0.0,1.0,0.0,1.0,0.0,0.0,0.0,0.0,0
0.5,0.3501962695895469,-0.432547024073173,0.15687902054368105,-1.0,0.14285714285714285,1.2804390076597691,-0.40122381375329724,0.14285714285714232,1.2804390076597694,0.0,1.0,0.0,0.0,1.0,0.0,0.0,0.0,0.0,0.0,1.0,1.0,0.0,0.0,0.0,0.0,1.0,0.0,0.0,0
0.7857142857142857,-0.609308324587746,1.5675762756127696,0.27889603652210015,0.0,-1.0,-0.5908311421058647,2.417755386458164,-1.0,-0.590831142105865,1.0,0.0,0.0,0.0,0.0,0.0,1.0,1.0,0.0,0.0,0.0,1.0,0.0,0.0,0.0,0.0,0.0,1.0,0.0,0
0.7142857142857143,-0.2286628691850961,-0.38141554301472763,-0.006640381821954384,-1.0,0.5714285714285714,-0.3146221561678289,-0.15757820270937042,0.5714285714285707,-0.314622156167829,1.0,0.0,0.0,0.0,1.0,0.0,0.0,0.0,0.0,0.0,1.0,1.0,0.0,0.0,0.0,0.0,0.0,1.0,0.0,0
-0.6428571428571429,-0.42174810068061125,-0.45467311762072327,-0.4407553434322475,0.5,-1.4285714285714286,-0.14404938836172396,-0.10408436205177006,-1.4285714285714284,-0.14404938836172393,0.0,1.0,0.0,0.0,1.0,0.0,0.0,0.0,0.0,0.0,1.0,1.0,0.0,0.0,0.0,0.0,0.0,1.0,0.0,0
-0.21428571428571427,-0.47601500829778076,0.07799608654586486,-1.4251919485370406,0.0,-1.1428571428571428,-0.3018177660912312,0.4757704183433021,-1.1428571428571428,-0.30181776609123123,1.0,0.0,0.0,0.0,0.0,1.0,0.0,0.0,1.0,0.0,0.0,0.0,0.0,1.0,0.0,0.0,0.0,0.0,1.0,1
0.2857142857142857,1.0655505388370428,0.65073690417197,0.28470637061631,0.0,1.1428571428571428,0.5569909683319996,-0.0900554081742347,1.1428571428571423,0.5569909683319998,0.0,1.0,0.0,1.0,0.0,0.0,0.0,0.0,0.0,1.0,0.0,1.0,0.0,0.0,1.0,0.0,0.0,0.0,0.0,0
0.7857142857142857,-0.7832010871370397,-0.08047776969901885,1.047520232413364,0.0,1.2857142857142858,-0.17011546816051212,0.8218134966020754,1.2857142857142854,-0.17011546816051226,1.0,0.0,0.0,0.0,0.0,0.0,1.0,1.0,0.0,0.0,0.0,1.0,0.0,0.0,0.0,0.0,0.0,1.0,0.0,0
-0.35714285714285715,2.120569946343624,1.2756748732753038,0.0,-0.5,0.7142857142857143,-0.49708471475934596,-0.1322302716163681,0.7142857142857139,-0.4970847147593461,1.0,0.0,0.0,0.0,0.0,1.0,0.0,0.0,0.0,0.0,1.0,1.0,0.0,0.0,0.0,0.0,0.0,1.0,0.0,0
-0.14285714285714285,0.8629106241403303,0.4851578811603386,0.3311890433699935,0.0,-0.42857142857142855,0.23276551960672245,-0.09743604186610447,-0.4285714285714288,0.23276551960672262,0.0,1.0,0.0,0.0,1.0,0.0,0.0,0.0,0.0,1.0,0.0,1.0,0.0,0.0,1.0,0.0,0.0,0.0,0.0,0
-0.8571428571428571,1.227413714636181,-0.09337591601781613,-1.085702427889603,0.0,-0.42857142857142855,0.19160855150337247,-0.4151051666444283,-0.4285714285714288,0.19160855150337258,0.0,1.0,0.0,0.0,0.0,0.0,1.0,0.0,0.0,1.0,0.0,1.0,0.0,0.0,0.0,0.0,1.0,0.0,0.0,0
-0.9285714285714286,0.0,-0.31666987187588186,0.3436397592861587,0.5,-0.8571428571428571,0.47787812964444965,-0.2180645784658855,-0.8571428571428573,0.4778781296444498,1.0,0.0,0.0,0.0,1.0,0.0,0.0,0.0,0.0,0.0,1.0,0.0,1.0,0.0,0.0,1.0,0.0,0.0,0.0,0
0.6428571428571429,-0.11303437371223424,-0.3340131101876473,-0.25648474787300246,0.5,-0.14285714285714285,0.7280210357836974,-0.17975905390066665,-0.14285714285714307,0.7280210357836975,1.0,0.0,0.0,1.0,0.0,0.0,0.0,1.0,0.0,0.0,0.0,0.0,1.0,0.0,0.0,1.0,0.0,0.0,0.0,0
1.0714285714285714,0.0,0.43321547655070564,-0.5171197343847267,-0.5,0.14285714285714285,1.6535955184634734,0.2983052773309572,0.14285714285714232,1.6535955184634736,0.0,1.0,0.0,0.0,0.0,1.0,0.0,0.0,0.0,0.0,1.0,1.0,0.0,0.0,0.0,0.0,0.0,1.0,0.0,0
-0.07142857142857142,-0.3681198900631499,-0.8862079119656484,-0.5154596389292385,0.5,0.5714285714285714,-0.8409740482451127,-0.5347409644430942,0.5714285714285707,-0.8409740482451128,1.0,0.0,0.0,1.0,0.0,0.0,0.0,0.0,1.0,0.0,0.0,1.0,0.0,0.0,0.0,0.0,1.0,0.0,0.0,0
0.7857142857142857,0.4686740221792791,4.498662878283014,-0.257314795600747,0.5,0.14285714285714285,0.5496741740025153,2.1522593529905047,0.14285714285714232,0.5496741740025154,1.0,0.0,0.0,0.0,0.0,1.0,0.0,1.0,0.0,0.0,0.0,1.0,0.0,0.0,0.0,0.0,0.0,0.0,1.0,0
0.0,1.5512016697472593,0.4852094360909714,0.2905167047105208,1.0,-0.7142857142857143,-0.8039327769520977,-0.26562432018597476,-0.7142857142857142,-0.803932776952098,1.0,0.0,0.0,0.0,1.0,0.0,0.0,0.0,0.0,0.0,1.0,1.0,0.0,0.0,0.0,0.0,0.0,1.0,0.0,1
-0.5,-0.6736365082969391,0.13617875721197018,-0.9047520232413362,-1.0,-0.5714285714285714,-0.7796958957356807,0.8703237466552095,-0.5714285714285715,-0.7796958957356809,0.0,1.0,0.0,1.0,0.0,0.0,0.0,1.0,0.0,0.0,0.0,1.0,0.0,0.0,0.0,0.0,1.0,0.0,0.0,1
0.2857142857142857,-0.266160694858959,1.2985187171545047,0.0,-0.5,0.5714285714285714,-0.5419000800274378,1.2733225244957251,0.5714285714285707,-0.5419000800274381,1.0,0.0,0.0,1.0,0.0,0.0,0.0,1.0,0.0,0.0,0.0,1.0,0.0,0.0,0.0,1.0,0.0,0.0,0.0,0
1.2142857142857142,-0.11405732194696863,3.835935970785503,-0.00830047727744345,-1.0,-0.2857142857142857,-1.1048359437521436,2.9314552057719503,-0.28571428571428575,-1.1048359437521438,1.0,0.0,0.0,0.0,1.0,0.0,0.0,1.0,0.0,0.0,0.0,0.0,1.0,0.0,0.0,1.0,0.0,0.0,0.0,0
0.0,-0.7923906654100865,0.8703366588580308,-0.7545133845196096,-0.5,-0.8571428571428571,-0.3027323653824167,2.2502530681054975,-0.8571428571428573,-0.3027323653824168,0.0,1.0,0.0,1.0,0.0,0.0,0.0,0.0,0.0,0.0,1.0,0.0,1.0,0.0,0.0,0.0,0.0,1.0,0.0,1
1.2142857142857142,0.5763904956353486,0.9704905481239439,1.2882340734592241,-1.0,0.8571428571428571,0.38138790442437426,0.24638026750667472,0.8571428571428569,0.3813879044243743,0.0,1.0,0.0,0.0,0.0,0.0,1.0,0.0,0.0,0.0,1.0,1.0,0.0,0.0,1.0,0.0,0.0,0.0,0.0,0
-1.4285714285714286,-0.48384695656505455,0.12148006939161542,-0.5810334094210416,0.0,1.0,-0.7664342060134902,0.5305269722540377,0.9999999999999992,-0.7664342060134905,0.0,0.0,1.0,0.0,0.0,1.0,0.0,0.0,1.0,0.0,0.0,1.0,0.0,0.0,0.0,1.0,0.0,0.0,0.0,0
0.0,-0.14684672461214401,-0.08039390003877425,-0.45154596389292356,1.5,-0.42857142857142855,1.037155596204413,0.030764548103881746,-0.4285714285714288,1.0371555962044132,0.0,1.0,0.0,0.0,0.0,1.0,0.0,0.0,1.0,0.0,0.0,1.0,0.0,0.0,0.0,0.0,1.0,0.0,0.0,0
0.07142857142857142,-0.32264405792506917,-0.2871656154046078,-0.6698485162896869,-1.0,0.2857142857142857,-0.6178118211958384,-0.01943110015247266,0.28571428571428537,-0.6178118211958387,1.0,0.0,0.0,0.0,0.0,1.0,0.0,0.0,1.0,0.0,0.0,1.0,0.0,0.0,0.0,1.0,0.0,0.0,0.0,0
-0.21428571428571427,-0.5191080176424294,-0.4636607137259917,1.289894168914712,2.0,0.2857142857142857,-1.1642848976792044,-0.03936370356497627,0.28571428571428537,-1.1642848976792046,0.0,1.0,0.0,0.0,0.0,0.0,1.0,0.0,0.0,0.0,1.0,0.0,1.0,0.0,0.0,0.0,0.0,1.0,0.0,1
0.07142857142857142,-0.0010495177919455935,-0.39798570509491055,0.41087362523345083,-1.0,0.14285714285714285,-0.8139933691551388,-0.27365844942288015,0.14285714285714232,-0.8139933691551391,0.0,1.0,0.0,0.0,0.0,1.0,0.0,1.0,0.0,0.0,0.0,1.0,0.0,0.0,0.0,0.0,0.0,1.0,0.0,0
-1.4285714285714286,-0.16161937137874416,-0.6673607406326836,-0.6399667980908903,1.0,1.4285714285714286,-0.783354292900423,-0.4131444667266612,1.4285714285714277,-0.7833542929004232,1.0,0.0,0.0,0.0,1.0,0.0,0.0,0.0,0.0,0.0,1.0,1.0,0.0,0.0,1.0,0.0,0.0,0.0,0.0,0
-0.14285714285714285,-0.270403170314722,-0.03467843922911284,0.800996057273293,0.0,-0.2857142857142857,0.830456156396479,0.1579003690341952,-0.28571428571428575,0.8304561563964792,0.0,1.0,0.0,1.0,0.0,0.0,0.0,0.0,0.0,0.0,1.0,1.0,0.0,0.0,0.0,0.0,0.0,1.0,0.0,0
0.2857142857142857,-0.48630019882614867,-0.7674207410206529,0.16268935463789183,0.5,0.2857142857142857,0.519492397393392,-0.3769491695795679,0.28571428571428537,0.519492397393392,0.0,1.0,0.0,0.0,0.0,0.0,1.0,0.0,0.0,0.0,1.0,0.0,0.0,1.0,1.0,0.0,0.0,0.0,0.0,0
1.1428571428571428,0.2904624152891698,0.1707757765346165,0.20253164556962003,-0.5,-0.2857142857142857,-0.16782896993254823,-0.0390899202953249,-0.28571428571428575,-0.1678289699325484,0.0,1.0,0.0,0.0,0.0,1.0,0.0,1.0,0.0,0.0,0.0,1.0,0.0,0.0,0.0,1.0,0.0,0.0,0.0,0
-0.42857142857142855,2.2105301402116098,-0.006264350714402845,-0.22245279103548413,1.0,-0.14285714285714285,0.29587287069852514,-0.5038247565442648,-0.14285714285714307,0.2958728706985252,0.0,1.0,0.0,0.0,1.0,0.0,0.0,0.0,0.0,0.0,1.0,1.0,0.0,0.0,0.0,1.0,0.0,0.0,0.0,1
-0.6428571428571429,0.12365373219832075,0.13460194153859417,0.0,0.0,1.2857142857142858,0.9077397965016578,0.02097077237705246,1.2857142857142854,0.9077397965016579,0.0,1.0,0.0,1.0,0.0,0.0,0.0,0.0,0.0,0.0,1.0,1.0,0.0,0.0,0.0,1.0,0.0,0.0,0.0,0
-0.42857142857142855,1.0898114787153201,-0.312693315936962,0.25897489105623606,-0.5,0.0,0.19252315079455817,-0.4794807044414938,0.0,0.19252315079455828,0.0,1.0,0.0,1.0,0.0,0.0,0.0,1.0,0.0,0.0,0.0,0.0,1.0,0.0,0.0,1.0,0.0,0.0,0.0,0
0.7142857142857143,-0.7902738356596354,4.635871404084016,-0.3635609047520228,-1.0,1.0,0.11935520749971416,7.793308623503273,0.9999999999999992,0.11935520749971427,1.0,0.0,0.0,0.0,0.0,0.0,1.0,0.0,0.0,0.0,1.0,0.0,0.0,1.0,0.0,0.0,0.0,1.0,0.0,0
0.2857142857142857,0.1395229106756568,1.583103090311405,1.3023448848308774,0.5,-0.5714285714285714,0.8697839259174576,0.9242057644907881,-0.5714285714285715,0.8697839259174578,0.0,1.0,0.0,0.0,0.0,0.0,1.0,0.0,0.0,1.0,0.0,1.0,0.0,0.0,0.0,1.0,0.0,0.0,0.0,1
-0.42857142857142855,-0.6692692843756136,-0.63118484123741,-0.8748703050425396,1.0,0.7142857142857143,-0.612781525094318,-0.10204219419551425,0.7142857142857139,-0.612781525094318,1.0,0.0,0.0,0.0,0.0,0.0,1.0,0.0,0.0,1.0,0.0,0.0,0.0,1.0,0.0,0.0,1.0,0.0,0.0,1
0.42857142857142855,-0.822516162352921,0.20618121460402553,1.1047935256277235,0.0,-0.2857142857142857,-0.9063678975648795,1.3640568930595818,-0.28571428571428575,-0.9063678975648796,0.0,1.0,0.0,0.0,1.0,0.0,0.0,0.0,1.0,0.0,0.0,0.0,0.0,1.0,0.0,0.0,1.0,0.0,0.0,0
0.07142857142857142,-0.4922607848959543,-0.3581674897621452,-0.05810334094210416,1.0,1.7142857142857142,0.043900765976906404,0.04771239213719977,1.7142857142857137,0.04390076597690636,1.0,0.0,0.0,0.0,1.0,0.0,0.0,1.0,0.0,0.0,0.0,0.0,0.0,1.0,0.0,1.0,0.0,0.0,0.0,0
0.7857142857142857,1.38227710340418,-0.5442961760024776,0.23158331604067212,0.5,1.5714285714285714,-0.009603292557448307,-0.5987016823037413,1.5714285714285707,-0.009603292557448228,0.0,1.0,0.0,0.0,0.0,0.0,1.0,0.0,0.0,0.0,1.0,0.0,1.0,0.0,0.0,1.0,0.0,0.0,0.0,0
-0.5714285714285714,1.0254033023850273,-0.6638848703254836,0.6084249844366046,0.0,0.0,-0.6722304790213788,-0.613211038013523,0.0,-0.6722304790213789,1.0,0.0,0.0,0.0,0.0,1.0,0.0,1.0,0.0,0.0,0.0,0.0,1.0,0.0,0.0,0.0,0.0,1.0,0.0,0
-0.2857142857142857,0.21738766856009353,0.3871572153640549,-0.42415438887736057,1.5,-0.14285714285714285,0.7600320109751914,0.12523422712048637,-0.14285714285714307,0.7600320109751915,0.0,1.0,0.0,1.0,0.0,0.0,0.0,1.0,0.0,0.0,0.0,1.0,0.0,0.0,0.0,0.0,0.0,1.0,0.0,0
-0.2857142857142857,-0.8424594207310544,-0.39520845501963386,0.6308362730857023,-0.5,-1.4285714285714286,-0.3493769292328799,0.47361125374596036,-1.4285714285714284,-0.34937692923288005,0.0,1.0,0.0,1.0,0.0,0.0,0.0,0.0,0.0,0.0,1.0,0.0,1.0,0.0,0.0,0.0,0.0,1.0,0.0,1
-1.1428571428571428,-0.14750067375461764,0.9956015152607929,-1.7392405063291134,0.0,0.7142857142857143,-0.46507373956785175,0.8539732228172154,0.7142857142857139,-0.46507373956785186,0.0,1.0,0.0,0.0,1.0,0.0,0.0,1.0,0.0,0.0,0.0,1.0,0.0,0.0,0.0,0.0,0.0,0.0,1.0,0
0.21428571428571427,0.2731645112682405,1.0303484099690752,-0.487238016185931,0.0,-0.42857142857142855,0.31690865439579285,0.46860348499504517,-0.4285714285714288,0.3169086543957928,0.0,1.0,0.0,1.0,0.0,0.0,0.0,1.0,0.0,0.0,0.0,0.0,1.0,0.0,0.0,0.0,0.0,1.0,0.0,0
0.21428571428571427,0.15545926348389644,1.6063915782639873,-0.6308362730857023,-0.5,0.14285714285714285,-0.36721161541099795,0.9215683868506781,0.14285714285714232,-0.36721161541099806,0.0,1.0,0.0,0.0,0.0,1.0,0.0,1.0,0.0,0.0,0.0,1.0,0.0,0.0,0.0,0.0,0.0,1.0,0.0,0
0.0,-0.9431384365267779,-0.4754625814664415,-0.8632496368541189,-1.0,0.14285714285714285,-1.0984337487138447,0.5666619514592829,0.14285714285714232,-1.098433748713845,0.0,1.0,0.0,1.0,0.0,0.0,0.0,0.0,0.0,0.0,1.0,0.0,1.0,0.0,0.0,0.0,0.0,1.0,0.0,0
-0.21428571428571427,-0.5711630400449267,0.42926143632628533,-0.13114754098360615,0.5,-1.5714285714285714,0.1774322624899967,1.0064503839858059,-1.5714285714285712,0.1774322624899966,0.0,1.0,0.0,0.0,1.0,0.0,0.0,1.0,0.0,0.0,0.0,0.0,1.0,0.0,0.0,0.0,0.0,1.0,0.0,0
-1.1428571428571428,-0.04680313363656369,0.5920926613586237,0.2930068478937535,0.5,1.8571428571428572,-0.48336572539156286,0.4483409587473082,1.857142857142856,-0.483365725391563,0.0,1.0,0.0,0.0,1.0,0.0,0.0,1.0,0.0,0.0,0.0,1.0,0.0,0.0,0.0,0.0,1.0,0.0,0.0,0
-0.35714285714285715,0.514973010298989,-0.28626173883647027,0.516289686656983,0.5,0.0,0.11203841317022976,-0.36255841492382507,0.0,0.11203841317022967,0.0,1.0,0.0,0.0,0.0,1.0,0.0,0.0,0.0,0.0,1.0,0.0,1.0,0.0,0.0,0.0,0.0,1.0,0.0,0
-0.2857142857142857,-1.0381813258429444,-0.4386543978685161,0.1909109773811994,0.0,0.14285714285714285,-0.29175717388819017,0.9517575402633813,0.14285714285714232,-0.2917571738881903,1.0,0.0,0.0,0.0,0.0,1.0,0.0,0.0,0.0,0.0,1.0,1.0,0.0,0.0,0.0,0.0,0.0,1.0,0.0,0
-0.6428571428571429,-0.1221811973084862,2.0352870103656997,-0.4490558207096909,0.5,-0.7142857142857143,-0.10380701954955983,1.6026899812752522,-0.7142857142857142,-0.10380701954955986,1.0,0.0,0.0,1.0,0.0,0.0,0.0,0.0,0.0,1.0,0.0,0.0,1.0,0.0,0.0,0.0,1.0,0.0,0.0,0
-0.14285714285714285,0.12644928230183622,0.20159736745605467,0.2813861797053328,0.5,-1.0,-0.39876529095689944,0.06198460936213281,-1.0,-0.3987652909568996,0.0,1.0,0.0,1.0,0.0,0.0,0.0,0.0,0.0,0.0,1.0,1.0,0.0,0.0,0.0,1.0,0.0,0.0,0.0,0
0.2857142857142857,0.8906578955668071,0.5959129835622142,0.1087362523345094,-1.0,-0.8571428571428571,0.5565336686864069,-0.058459548682354624,-0.8571428571428573,0.5565336686864071,0.0,1.0,0.0,0.0,1.0,0.0,0.0,1.0,0.0,0.0,0.0,1.0,0.0,0.0,1.0,0.0,0.0,0.0,0.0,0
1.5,0.694615479114391,-0.46183132568556445,0.6814691844781076,-0.5,-0.14285714285714285,-1.06139247742083,-0.4841837911929573,-0.14285714285714307,-1.0613924774208303,0.0,1.0,0.0,0.0,0.0,1.0,0.0,0.0,0.0,1.0,0.0,0.0,0.0,1.0,0.0,0.0,1.0,0.0,0.0,0
0.14285714285714285,0.5664736822146959,-0.622221027011515,0.5685826935048764,1.0,-0.2857142857142857,-0.6521092946152967,-0.5419167508611556,-0.28571428571428575,-0.6521092946152969,1.0,0.0,0.0,0.0,0.0,1.0,0.0,0.0,0.0,0.0,1.0,1.0,0.0,0.0,0.0,0.0,0.0,1.0,0.0,0
0.21428571428571427,0.0,1.4964031662186774,0.04233243411496179,-0.5,-0.5714285714285714,-0.34480393277695204,1.0304146259810394,-0.5714285714285715,-0.34480393277695215,1.0,0.0,0.0,0.0,0.0,1.0,0.0,1.0,0.0,0.0,0.0,0.0,1.0,0.0,0.0,0.0,1.0,0.0,0.0,1
-0.07142857142857142,-0.9618587110318146,-0.06838105069485365,-0.6125752230753263,0.0,0.14285714285714285,0.14084829084257453,1.4152180350159362,0.14285714285714232,0.1408482908425746,0.0,1.0,0.0,1.0,0.0,0.0,0.0,0.0,0.0,1.0,0.0,1.0,0.0,0.0,0.0,0.0,0.0,1.0,0.0,0
-1.4285714285714286,-0.2844525301834394,-0.564110995673728,-0.43992529570450295,0.5,-0.8571428571428571,-0.5793986509660454,-0.28152677518181857,-0.8571428571428573,-0.5793986509660455,1.0,0.0,0.0,0.0,0.0,1.0,0.0,0.0,1.0,0.0,0.0,1.0,0.0,0.0,0.0,0.0,1.0,0.0,0.0,0
0.0,1.097624253632912,0.013148874489184217,-0.3668810956630009,-0.5,1.0,0.02880987767234492,-0.35164111287816274,0.9999999999999992,0.028809877672344938,1.0,0.0,0.0,0.0,1.0,0.0,0.0,0.0,0.0,0.0,1.0,1.0,0.0,0.0,0.0,1.0,0.0,0.0,0.0,0
0.07142857142857142,1.7181421594761208,-0.7684574823245965,-0.2017015978418755,-0.5,0.0,-0.11706870927175025,-0.6954016245157847,0.0,-0.11706870927175039,1.0,0.0,0.0,0.0,1.0,0.0,0.0,0.0,0.0,0.0,1.0,1.0,0.0,0.0,0.0,0.0,0.0,1.0,0.0,0
1.9285714285714286,0.7159044416207095,-0.5856576536394564,0.21000207511931895,1.0,-0.14285714285714285,0.7513433177089288,-0.5451198063646103,-0.14285714285714307,0.7513433177089289,1.0,0.0,0.0,1.0,0.0,0.0,0.0,0.0,0.0,0.0,1.0,1.0,0.0,0.0,0.0,0.0,1.0,0.0,0.0,0
-0.14285714285714285,0.4008568296840609,0.6343492900362383,0.5254202116621701,1.5,0.0,0.49662741511375325,0.16531407676577745,0.0,0.4966274151137533,0.0,1.0,0.0,0.0,0.0,0.0,1.0,0.0,0.0,0.0,1.0,1.0,0.0,0.0,1.0,0.0,0.0,0.0,0.0,0
0.21428571428571427,0.3500672483605857,0.5612251031471925,-0.014940859099397834,-0.5,-0.7142857142857143,0.7453984223162229,0.1524070271931381,-0.7142857142857142,0.745398422316223,0.0,1.0,0.0,1.0,0.0,0.0,0.0,0.0,0.0,1.0,0.0,1.0,0.0,0.0,0.0,0.0,0.0,0.0,1.0,0
0.0,-0.387236530980445,-0.23908685785751682,0.03237186138202927,-0.5,0.2857142857142857,-0.6411341031210701,0.07369762121975729,0.28571428571428537,-0.6411341031210702,0.0,1.0,0.0,0.0,0.0,0.0,1.0,1.0,0.0,0.0,0.0,1.0,0.0,0.0,0.0,0.0,1.0,0.0,0.0,0
-0.9285714285714286,-0.09797647942455184,-0.5456229791638739,-1.7392405063291134,1.5,-0.7142857142857143,-0.6658282839830799,-0.34295111990529514,-0.7142857142857142,-0.6658282839830799,0.0,1.0,0.0,0.0,0.0,1.0,0.0,0.0,1.0,0.0,0.0,0.0,0.0,1.0,0.0,1.0,0.0,0.0,0.0,1
0.9285714285714286,4.722118521007558,-0.5495016000023177,0.0,-1.0,1.8571428571428572,0.32925574482679787,-0.7288248977967108,1.857142857142856,0.32925574482679787,1.0,0.0,0.0,1.0,0.0,0.0,0.0,0.0,0.0,0.0,1.0,0.0,0.0,1.0,0.0,0.0,0.0,1.0,0.0,0
0.5714285714285714,0.0,-0.22809373916771009,0.0,0.0,-0.2857142857142857,-0.8963073053618384,-0.1570711946512418,-0.28571428571428575,-0.8963073053618386,1.0,0.0,0.0,0.0,1.0,0.0,0.0,1.0,0.0,0.0,0.0,1.0,0.0,0.0,0.0,0.0,0.0,1.0,0.0,0
0.6428571428571429,0.0,0.6052440957028795,-1.2176800166009547,-0.5,0.5714285714285714,-0.6356465073739568,0.4167639103085481,0.5714285714285707,-0.6356465073739569,0.0,1.0,0.0,0.0,0.0,1.0,0.0,1.0,0.0,0.0,0.0,0.0,1.0,0.0,0.0,1.0,0.0,0.0,0.0,1
-0.7142857142857143,-0.23672040854270623,0.9436471646608264,-0.46980701390329954,0.0,-0.7142857142857143,-0.3246827483708699,0.932621766554013,-0.7142857142857142,-0.32468274837086997,0.0,1.0,0.0,0.0,1.0,0.0,0.0,1.0,0.0,0.0,0.0,1.0,0.0,0.0,0.0,1.0,0.0,0.0,0.0,0
1.0714285714285714,1.6006053613323552,-0.2986775038635747,0.0,0.0,0.2857142857142857,-0.46873213673259406,-0.5343759425361733,0.28571428571428537,-0.4687321367325942,0.0,1.0,0.0,0.0,0.0,1.0,0.0,0.0,0.0,0.0,1.0,0.0,1.0,0.0,0.0,0.0,0.0,0.0,1.0,1
-1.0714285714285714,-0.7965638842388594,-0.5982242849638373,-0.4747873002697658,-0.5,1.0,0.8702412255630503,0.08371135074064225,0.9999999999999992,0.8702412255630505,1.0,0.0,0.0,1.0,0.0,0.0,0.0,0.0,0.0,0.0,1.0,0.0,1.0,0.0,0.0,1.0,0.0,0.0,0.0,0
0.42857142857142855,0.5702333354063897,0.236388054953785,-0.14691844781074948,0.5,-0.14285714285714285,0.27026409054533,-0.1154525535477359,-0.14285714285714307,0.27026409054533007,0.0,1.0,0.0,0.0,0.0,0.0,1.0,0.0,0.0,0.0,1.0,1.0,0.0,0.0,0.0,1.0,0.0,0.0,0.0,1
1.7142857142857142,-0.49084282238927746,-0.46249314456017,0.3494500933803695,0.5,0.2857142857142857,-0.6191837201326169,-0.060946197412501284,0.28571428571428537,-0.619183720132617,0.0,1.0,0.0,0.0,0.0,1.0,0.0,1.0,0.0,0.0,0.0,1.0,0.0,0.0,0.0,1.0,0.0,0.0,0.0,0
-0.7857142857142857,-0.7997458760447134,-0.31058341732628403,0.38846233658435314,0.5,-0.7142857142857143,1.4400365839716476,0.5180361685784767,-0.7142857142857142,1.440036583971648,0.0,1.0,0.0,0.0,0.0,0.0,1.0,1.0,0.0,0.0,0.0,0.0,1.0,0.0,1.0,0.0,0.0,0.0,0.0,0
-0.42857142857142855,0.19466032622832508,1.525152871000983,-0.7412326208756999,-0.5,0.7142857142857143,0.2254487252772379,0.8309762959573873,0.7142857142857139,0.225448725277238,0.0,1.0,0.0,0.0,0.0,1.0,0.0,0.0,0.0,0.0,1.0,1.0,0.0,0.0,0.0,0.0,1.0,0.0,0.0,0
0.07142857142857142,1.1087743812786761,0.8163710053556231,0.7246316663208129,-1.0,0.0,-0.7550017148736708,-0.03728968662171058,0.0,-0.7550017148736711,0.0,0.0,1.0,0.0,1.0,0.0,0.0,0.0,0.0,0.0,1.0,0.0,0.0,1.0,0.0,0.0,1.0,0.0,0.0,0
0.0,-0.5481287348185995,0.14359182224570086,0.815936916372691,0.0,-1.1428571428571428,-0.6324454098548072,0.6488774531623577,-1.1428571428571428,-0.6324454098548073,1.0,0.0,0.0,0.0,1.0,0.0,0.0,0.0,1.0,0.0,0.0,1.0,0.0,0.0,0.0,1.0,0.0,0.0,0.0,0
-1.2142857142857142,-0.8304883275709732,-0.6407482671071416,-0.7760946254409627,-0.5,0.7142857142857143,0.9091116954384362,0.06513100866273543,0.7142857142857139,0.9091116954384364,0.0,1.0,0.0,0.0,0.0,1.0,0.0,1.0,0.0,0.0,0.0,1.0,0.0,0.0,1.0,0.0,0.0,0.0,0.0,0
0.07142857142857142,-0.06856458805493681,0.18794877072146773,-0.560282216227433,1.0,0.0,0.16325597347662058,0.1763632867014694,0.0,0.16325597347662063,1.0,0.0,0.0,0.0,0.0,0.0,1.0,0.0,1.0,0.0,0.0,0.0,1.0,0.0,0.0,0.0,0.0,1.0,0.0,0
-0.8571428571428571,-0.06513101702187127,1.1252163086137055,0.8607594936708863,1.0,-1.0,-0.015548187950154332,0.8489594439570625,-1.0,-0.015548187950154406,1.0,0.0,0.0,1.0,0.0,0.0,0.0,1.0,0.0,0.0,0.0,0.0,1.0,0.0,1.0,0.0,0.0,0.0,0.0,1
0.35714285714285715,0.528232693180304,-0.22949794353836386,0.0,-0.5,-0.5714285714285714,-0.45638504630158916,-0.3368793833616981,-0.5714285714285715,-0.4563850463015892,1.0,0.0,0.0,1.0,0.0,0.0,0.0,0.0,0.0,0.0,1.0,1.0,0.0,0.0,0.0,0.0,1.0,0.0,0.0,1
-0.7142857142857143,0.0,1.5680138181527268,-1.5455488690599706,-1.0,0.14285714285714285,0.7197896421630274,1.0797256067733558,0.14285714285714232,0.7197896421630277,0.0,1.0,0.0,0.0,1.0,0.0,0.0,1.0,0.0,0.0,0.0,0.0,0.0,1.0,0.0,1.0,0.0,0.0,0.0,1
1.2142857142857142,-0.0431162796794883,1.472126051227366,-0.9670056028221621,0.0,0.7142857142857143,-1.0193209100262948,1.0691841698600162,0.7142857142857139,-1.019320910026295,0.0,1.0,0.0,1.0,0.0,0.0,0.0,1.0,0.0,0.0,0.0,1.0,0.0,0.0,0.0,1.0,0.0,0.0,0.0,0
-0.6428571428571429,2.644244939596275,2.1428539646653437,-0.15521892508819293,0.0,1.0,-0.6918943637818681,-0.007364804498869737,0.9999999999999992,-0.6918943637818682,0.0,1.0,0.0,0.0,1.0,0.0,0.0,0.0,0.0,1.0,0.0,0.0,1.0,0.0,0.0,0.0,1.0,0.0,0.0,0
-0.2857142857142857,0.19992761587245889,0.2693974686763024,-0.8001660095455485,1.0,-1.0,-0.5245226934949125,0.06378453738446696,-1.0,-0.5245226934949127,1.0,0.0,0.0,1.0,0.0,0.0,0.0,1.0,0.0,0.0,0.0,1.0,0.0,0.0,0.0,0.0,0.0,1.0,0.0,1
0.6428571428571429,-0.253327990846659,0.5438027295307986,-0.2705955592446567,-0.5,0.0,-0.7559163141648566,0.6244833342567845,0.0,-0.7559163141648567,0.0,1.0,0.0,0.0,0.0,1.0,0.0,1.0,0.0,0.0,0.0,1.0,0.0,0.0,1.0,0.0,0.0,0.0,0.0,1
-1.0,-0.8696352235743392,1.6754754605652369,0.04399252957044991,-0.5,0.2857142857142857,0.28215388133074204,3.9804254765067064,0.28571428571428537,0.28215388133074215,0.0,1.0,0.0,0.0,1.0,0.0,0.0,0.0,0.0,0.0,1.0,1.0,0.0,0.0,0.0,1.0,0.0,0.0,0.0,0
0.21428571428571427,-0.1953658189596479,0.4018428837064654,1.0525005187798293,0.0,0.0,0.8487481422201899,0.4460052514122845,0.0,0.8487481422201901,0.0,1.0,0.0,0.0,1.0,0.0,0.0,1.0,0.0,0.0,0.0,1.0,0.0,0.0,0.0,1.0,0.0,0.0,0.0,0
1.0,-0.24652118128143186,-0.3012682148225146,-0.184270595559245,2.0,-0.7142857142857143,1.4784497542014405,-0.08154013860561185,-0.7142857142857142,1.478449754201441,1.0,0.0,0.0,0.0,0.0,1.0,0.0,1.0,0.0,0.0,0.0,1.0,0.0,0.0,0.0,0.0,0.0,1.0,0.0,0
-1.2857142857142858,1.0396364451655078,-0.27181666934545406,0.0,-0.5,1.4285714285714286,-0.7755801989253459,-0.45578609250189145,1.4285714285714277,-0.775580198925346,0.0,1.0,0.0,0.0,1.0,0.0,0.0,0.0,1.0,0.0,0.0,1.0,0.0,0.0,0.0,1.0,0.0,0.0,0.0,0
0.14285714285714285,0.4355052900698282,0.2110496460701027,1.0284291346752434,-1.0,-0.2857142857142857,0.19069395221218713,-0.078128630760624,-0.28571428571428575,0.19069395221218716,1.0,0.0,0.0,1.0,0.0,0.0,0.0,0.0,0.0,1.0,0.0,1.0,0.0,0.0,0.0,1.0,0.0,0.0,0.0,1
0.21428571428571427,-0.7051382677391023,-0.6471712737853287,1.0325793733139652,-0.5,0.0,-0.09511832628329706,-0.08904266775138323,0.0,-0.09511832628329708,1.0,0.0,0.0,1.0,0.0,0.0,0.0,0.0,0.0,0.0,1.0,0.0,1.0,0.0,0.0,1.0,0.0,0.0,0.0,0
0.6428571428571429,0.15250513436410992,-0.08157649803114447,0.0,-0.5,0.7142857142857143,0.21310163484623318,-0.12917682454797888,0.7142857142857139,0.21310163484623318,0.0,1.0,0.0,0.0,1.0,0.0,0.0,1.0,0.0,0.0,0.0,0.0,0.0,1.0,0.0,0.0,1.0,0.0,0.0,0
-1.0,0.6692263674419809,1.1733547685871406,-1.3645984644117033,-1.0,0.7142857142857143,0.6091231279295759,0.29580960763311637,0.7142857142857139,0.6091231279295759,1.0,0.0,0.0,1.0,0.0,0.0,0.0,0.0,0.0,0.0,1.0,1.0,0.0,0.0,0.0,1.0,0.0,0.0,0.0,1
-1.0714285714285714,1.9640443985278624,-0.8855704664896151,0.3461299024693923,-0.5,-0.42857142857142855,-0.22910712244198003,-0.7403263633785228,-0.4285714285714288,-0.22910712244198006,0.0,1.0,0.0,0.0,0.0,0.0,1.0,1.0,0.0,0.0,0.0,1.0,0.0,0.0,0.0,0.0,0.0,0.0,1.0,0
0.42857142857142855,0.9406380856970712,1.8920535953553277,0.7603237186138203,-0.5,0.42857142857142855,1.3124499828512635,0.47151943182191036,0.42857142857142844,1.3124499828512637,1.0,0.0,0.0,0.0,1.0,0.0,0.0,1.0,0.0,0.0,0.0,1.0,0.0,0.0,0.0,0.0,1.0,0.0,0.0,0
0.21428571428571427,0.777573614355506,1.2107034944849955,0.0,1.0,-1.4285714285714286,0.9045386989825084,0.25828838904621554,-1.4285714285714284,0.9045386989825086,0.0,1.0,0.0,0.0,0.0,1.0,0.0,0.0,0.0,1.0,0.0,1.0,0.0,0.0,1.0,0.0,0.0,0.0,0.0,0
0.21428571428571427,0.05467667373996071,-0.2781672844232331,1.251711973438472,2.0,-0.42857142857142855,0.14359208871613127,-0.21457372372654282,-0.4285714285714288,0.1435920887161312,1.0,0.0,0.0,0.0,0.0,0.0,1.0,1.0,0.0,0.0,0.0,0.0,1.0,0.0,0.0,0.0,0.0,1.0,0.0,0
0.2857142857142857,0.3588298207218114,0.4978937106473465,0.6275160821747251,-0.5,0.42857142857142855,0.3201097519149423,0.11257807338399435,0.42857142857142844,0.32010975191494234,1.0,0.0,0.0,0.0,1.0,0.0,0.0,1.0,0.0,0.0,0.0,1.0,0.0,0.0,0.0,1.0,0.0,0.0,0.0,0
-0.5,1.4745000500055292,0.022785352567084315,0.42166424569412697,-0.5,0.5714285714285714,-0.8487481422201897,-0.4104072214539169,0.5714285714285707,-0.8487481422201899,1.0,0.0,0.0,0.0,0.0,1.0,0.0,0.0,0.0,0.0,1.0,1.0,0.0,0.0,0.0,1.0,0.0,0.0,0.0,0
0.21428571428571427,-0.7680492731830016,1.3727108865894955,0.7868852459016388,-0.5,-0.42857142857142855,-0.8126214702183606,2.8627706490218303,-0.4285714285714288,-0.8126214702183607,1.0,0.0,0.0,1.0,0.0,0.0,0.0,0.0,1.0,0.0,0.0,1.0,0.0,0.0,0.0,0.0,1.0,0.0,0.0,0
0.21428571428571427,-0.2553633676644689,1.0154241245985511,0.25565470014525793,0.0,-1.1428571428571428,-0.7705499028238254,1.0192406472616202,-1.1428571428571428,-0.7705499028238255,0.0,1.0,0.0,0.0,0.0,1.0,0.0,1.0,0.0,0.0,0.0,1.0,0.0,0.0,1.0,0.0,0.0,0.0,0.0,0
-0.5714285714285714,-0.5101798080924826,-0.6834847172213776,-1.7381199418966586,-1.0,0.8571428571428571,0.17788956213558937,-0.27748643650336424,0.8571428571428569,0.17788956213558935,1.0,0.0,0.0,0.0,0.0,0.0,1.0,1.0,0.0,0.0,0.0,1.0,0.0,0.0,0.0,0.0,0.0,1.0,0.0,0
1.5,0.34957688115355245,0.5436660387750469,-0.3311890433699935,1.5,-0.42857142857142855,0.5126329027095005,0.14288808740464962,-0.4285714285714288,0.5126329027095005,1.0,0.0,0.0,1.0,0.0,0.0,0.0,1.0,0.0,0.0,0.0,0.0,0.0,1.0,0.0,0.0,0.0,1.0,0.0,0
0.35714285714285715,1.443303712017964,-0.1233243211066511,0.8657397800373516,0.0,1.0,-0.8441751457642621,-0.4568211037914698,0.9999999999999992,-0.8441751457642621,1.0,0.0,0.0,0.0,1.0,0.0,0.0,0.0,0.0,0.0,1.0,1.0,0.0,0.0,1.0,0.0,0.0,0.0,0.0,0
-0.9285714285714286,-0.41157662515282645,0.0835590369706863,-0.5486615480390123,0.0,-0.7142857142857143,-0.15548187950154332,0.4019821796945071,-0.7142857142857142,-0.1554818795015433,0.0,1.0,0.0,1.0,0.0,0.0,0.0,0.0,1.0,0.0,0.0,1.0,0.0,0.0,0.0,0.0,0.0,1.0,0.0,0
0.5,-1.0832026224923685,-0.41799248637119746,-0.13695787507781695,-0.5,-0.5714285714285714,-0.8428032468274838,1.2063842568217862,-0.5714285714285715,-0.842803246827484,1.0,0.0,0.0,0.0,1.0,0.0,0.0,1.0,0.0,0.0,0.0,0.0,1.0,0.0,0.0,0.0,1.0,0.0,0.0,1
-0.7857142857142857,-0.2970180512692801,2.31744973309967,-0.7163311890433695,-0.5,0.5714285714285714,0.03521207271064363,2.2056976977244336,0.5714285714285707,0.03521207271064359,1.0,0.0,0.0,0.0,1.0,0.0,0.0,1.0,0.0,0.0,0.0,0.0,0.0,1.0,0.0,0.0,1.0,0.0,0.0,1
0.6428571428571429,0.9754992107117528,1.0936603971159602,1.279103548454036,-0.5,-0.5714285714285714,-0.19480964902252193,0.12133672433582873,-0.5714285714285715,-0.19480964902252193,1.0,0.0,0.0,0.0,0.0,1.0,0.0,1.0,0.0,0.0,0.0,1.0,0.0,0.0,1.0,0.0,0.0,0.0,0.0,0
0.9285714285714286,0.5164447068618275,-0.42354219711548785,1.2068893961402776,2.0,1.2857142857142858,0.2451126100377272,-0.43301908418432866,1.2857142857142854,0.2451126100377272,0.0,1.0,0.0,0.0,0.0,1.0,0.0,0.0,0.0,0.0,1.0,1.0,0.0,0.0,0.0,0.0,0.0,1.0,0.0,0
-0.6428571428571429,0.39966115904534905,-0.662065473977432,-0.6026146503423948,0.0,0.42857142857142855,0.3141648565222361,-0.5372131916854964,0.42857142857142844,0.3141648565222362,1.0,0.0,0.0,0.0,0.0,1.0,0.0,1.0,0.0,0.0,0.0,1.0,0.0,0.0,0.0,0.0,0.0,1.0,0.0,0
0.7857142857142857,-0.2075799458201432,-0.2354353484620263,0.12450715916165177,-0.5,0.42857142857142855,0.4614153424031098,-0.05195635921920098,0.42857142857142844,0.46141534240310994,0.0,1.0,0.0,0.0,0.0,0.0,1.0,0.0,0.0,0.0,1.0,1.0,0.0,0.0,0.0,0.0,1.0,0.0,0.0,0
0.35714285714285715,-0.7466098174595023,0.38936058997282624,-0.45901639344262246,-1.0,0.0,-0.29495827140733966,1.3909607883738695,0.0,-0.2949582714073397,1.0,0.0,0.0,0.0,0.0,0.0,1.0,0.0,0.0,0.0,1.0,1.0,0.0,0.0,0.0,0.0,0.0,0.0,1.0,0
0.6428571428571429,0.49203687045961003,0.2124660716843235,0.45486615480390075,1.0,1.2857142857142858,0.6918943637818682,-0.0991744267521899,1.2857142857142854,0.6918943637818684,0.0,1.0,0.0,0.0,0.0,1.0,0.0,0.0,0.0,0.0,1.0,1.0,0.0,0.0,0.0,1.0,0.0,0.0,0.0,1
1.5,-0.5426337177024299,1.4089377628836115,0.3801618593069097,-1.0,0.0,-0.7005830570481307,2.014470206382639,0.0,-0.700583057048131,1.0,0.0,0.0,0.0,0.0,0.0,1.0,0.0,1.0,0.0,0.0,1.0,0.0,0.0,0.0,1.0,0.0,0.0,0.0,0
-0.21428571428571427,3.4617308560238755,0.771467651686053,0.5934841253372067,1.0,-1.0,-0.2277352235052018,-0.4280138399717262,-1.0,-0.2277352235052019,0.0,0.0,1.0,1.0,0.0,0.0,0.0,1.0,0.0,0.0,0.0,1.0,0.0,0.0,0.0,0.0,1.0,0.0,0.0,1
-0.5714285714285714,0.552922207453169,0.9979179088472357,1.4318323303589953,-0.5,1.4285714285714286,-0.2560878015319537,0.2726483353218308,1.4285714285714277,-0.2560878015319538,0.0,1.0,0.0,1.0,0.0,0.0,0.0,1.0,0.0,0.0,0.0,0.0,1.0,0.0,0.0,0.0,0.0,0.0,1.0,1
0.0,-0.4019158259796223,0.2888132262096377,1.4318323303589953,0.5,0.8571428571428571,-0.0663084486109523,0.5847901353430625,0.8571428571428569,-0.0663084486109524,0.0,0.0,1.0,0.0,0.0,0.0,1.0,1.0,0.0,0.0,0.0,1.0,0.0,0.0,1.0,0.0,0.0,0.0,0.0,0
-0.6428571428571429,-0.420032450961944,-0.6800175724416794,-0.7047105208549488,0.0,-0.2857142857142857,-0.40013718989367786,-0.321778870260443,-0.28571428571428575,-0.4001371898936779,0.0,1.0,0.0,0.0,0.0,0.0,1.0,1.0,0.0,0.0,0.0,1.0,0.0,0.0,0.0,0.0,0.0,0.0,1.0,0
-0.07142857142857142,-0.06941943820557517,-0.11678207472771579,-1.186138202946669,0.0,2.0,2.212872985023437,-0.043167211778716255,1.9999999999999993,2.2128729850234374,1.0,0.0,0.0,1.0,0.0,0.0,0.0,0.0,1.0,0.0,0.0,1.0,0.0,0.0,0.0,0.0,0.0,1.0,0.0,1
0.2857142857142857,-0.17886521799750416,1.1216090048875134,-0.25648474787300246,0.5,-0.7142857142857143,-0.22361952669486684,0.9933689667020166,-0.7142857142857142,-0.22361952669486684,1.0,0.0,0.0,0.0,1.0,0.0,0.0,0.0,0.0,0.0,1.0,1.0,0.0,0.0,0.0,0.0,0.0,1.0,0.0,0
0.21428571428571427,1.2664038975769125,-0.017261405525448487,-1.085702427889603,-0.5,0.2857142857142857,-0.8620098319423803,-0.3928476326407981,0.28571428571428537,-0.8620098319423805,1.0,0.0,0.0,1.0,0.0,0.0,0.0,0.0,0.0,0.0,1.0,0.0,0.0,1.0,0.0,0.0,1.0,0.0,0.0,0
0.6428571428571429,0.16529105432147323,0.45689587005713234,-1.0325793733139652,-0.5,0.2857142857142857,-0.5249799931405054,0.19891731491653486,0.28571428571428537,-0.5249799931405055,1.0,0.0,0.0,1.0,0.0,0.0,0.0,0.0,0.0,0.0,1.0,1.0,0.0,0.0,1.0,0.0,0.0,0.0,0.0,0
0.0,-0.48803588726430047,-0.19517001177677842,-0.6856194231168293,-0.5,0.14285714285714285,-0.5039442094432377,0.2112598350791714,0.14285714285714232,-0.5039442094432377,1.0,0.0,0.0,0.0,0.0,0.0,1.0,1.0,0.0,0.0,0.0,1.0,0.0,0.0,0.0,1.0,0.0,0.0,0.0,0
1.1428571428571428,2.724312361098428,-0.5504671332947572,-0.6300062253579578,0.0,0.42857142857142855,-0.06813764719332335,-0.6768085830129739,0.42857142857142844,-0.0681376471933233,0.0,1.0,0.0,1.0,0.0,0.0,0.0,1.0,0.0,0.0,0.0,0.0,1.0,0.0,0.0,0.0,0.0,1.0,0.0,0
-0.21428571428571427,0.04559080462915785,-0.0679136707043861,-0.6524175140070555,-0.5,-0.7142857142857143,-0.2428261118097633,-0.0704009959574164,-0.7142857142857142,-0.24282611180976332,0.0,1.0,0.0,0.0,0.0,0.0,1.0,0.0,0.0,0.0,1.0,1.0,0.0,0.0,1.0,0.0,0.0,0.0,0.0,0
2.142857142857143,0.7875318032698307,0.27279690116056193,0.3859721934011205,-0.5,-0.5714285714285714,-0.5121756030639076,-0.16832154374444705,-0.5714285714285715,-0.5121756030639076,1.0,0.0,0.0,0.0,0.0,0.0,1.0,0.0,0.0,1.0,0.0,0.0,0.0,1.0,0.0,0.0,0.0,1.0,0.0,0
0.5,1.7384656126683324,-0.38242338272915466,-0.3361693297364598,-0.5,-0.2857142857142857,1.2982736938378874,-0.5739509976285171,-0.28571428571428575,1.2982736938378878,1.0,0.0,0.0,0.0,0.0,1.0,0.0,1.0,0.0,0.0,0.0,1.0,0.0,0.0,0.0,1.0,0.0,0.0,0.0,0
-0.6428571428571429,0.33348657364892303,-0.1429095245305234,-0.1062461091512758,0.5,-1.1428571428571428,-0.478792728935635,-0.23437608838023513,-1.1428571428571428,-0.4787927289356351,1.0,0.0,0.0,1.0,0.0,0.0,0.0,0.0,0.0,1.0,0.0,1.0,0.0,0.0,0.0,0.0,1.0,0.0,0.0,1
-0.8571428571428571,0.28227525976085927,-0.5132710628401962,0.651587466279311,2.0,0.42857142857142855,0.2762089859380359,-0.4310783450259454,0.42857142857142844,0.276208985938036,1.0,0.0,0.0,0.0,1.0,0.0,0.0,1.0,0.0,0.0,0.0,1.0,0.0,0.0,0.0,0.0,1.0,0.0,0.0,0
0.35714285714285715,-0.9565751686610814,1.2061473378123138,-0.5196098775679603,0.0,-0.14285714285714285,0.1522807819823939,3.8660439046251884,-0.14285714285714307,0.15228078198239398,0.0,1.0,0.0,0.0,0.0,1.0,0.0,0.0,1.0,0.0,0.0,1.0,0.0,0.0,1.0,0.0,0.0,0.0,0.0,0
-0.14285714285714285,3.0233048482214717,-0.18014966302776605,-0.16600954554886904,-1.0,0.7142857142857143,0.22270492740368114,-0.603655207553603,0.7142857142857139,0.22270492740368114,1.0,0.0,0.0,0.0,0.0,0.0,1.0,0.0,0.0,0.0,1.0,0.0,1.0,0.0,0.0,1.0,0.0,0.0,0.0,0
0.5714285714285714,1.542173537027953,1.7432185843661518,0.27889603652210015,-1.0,0.8571428571428571,-0.17514576426203263,0.1606950984750812,0.8571428571428569,-0.17514576426203274,0.0,1.0,0.0,0.0,0.0,0.0,1.0,0.0,0.0,0.0,1.0,0.0,1.0,0.0,0.0,0.0,1.0,0.0,0.0,0
0.35714285714285715,-0.287179418601704,1.8813710173635454,-1.348827557584561,0.5,0.2857142857142857,-0.139933691551389,1.8082234337995509,0.28571428571428537,-0.13993369155138916,1.0,0.0,0.0,0.0,1.0,0.0,0.0,1.0,0.0,0.0,0.0,1.0,0.0,0.0,0.0,0.0,1.0,0.0,0.0,0
-0.07142857142857142,-0.6714590215319083,-0.03834723452766651,-1.6617555509441788,0.5,0.0,0.8766434206013491,0.6460807471731741,0.0,0.8766434206013494,0.0,1.0,0.0,0.0,0.0,0.0,1.0,1.0,0.0,0.0,0.0,1.0,0.0,0.0,0.0,0.0,1.0,0.0,0.0,1
-0.6428571428571429,0.31801630360763944,-0.5418531934539523,0.2647852251504459,1.0,0.14285714285714285,-0.3676689150565908,-0.4553778235751016,0.14285714285714232,-0.3676689150565909,0.0,1.0,0.0,1.0,0.0,0.0,0.0,1.0,0.0,0.0,0.0,0.0,1.0,0.0,0.0,0.0,1.0,0.0,0.0,0
-1.2142857142857142,0.07734316975750512,-0.8638652076107493,0.3677111433907445,0.0,0.14285714285714285,1.4011661140962617,-0.6069592936268425,0.14285714285714232,1.401166114096262,0.0,1.0,0.0,0.0,0.0,1.0,0.0,0.0,1.0,0.0,0.0,0.0,0.0,1.0,0.0,0.0,0.0,1.0,0.0,0
-0.35714285714285715,0.326063458527622,-0.7060820443046641,1.4318323303589953,-1.0,-0.5714285714285714,-0.6434206013490339,-0.5497849511671139,-0.5714285714285715,-0.643420601349034,0.0,1.0,0.0,0.0,0.0,0.0,1.0,0.0,0.0,1.0,0.0,1.0,0.0,0.0,0.0,0.0,0.0,1.0,0.0,1
0.6428571428571429,0.16997567966059776,-0.6750009446346907,0.13197758871135068,0.0,-0.42857142857142855,0.416142677489425,-0.5032817780767088,-0.4285714285714288,0.41614267748942513,1.0,0.0,0.0,0.0,0.0,0.0,1.0,1.0,0.0,0.0,0.0,1.0,0.0,0.0,0.0,0.0,0.0,1.0,0.0,0
0.14285714285714285,0.4822286879919521,1.6141221479025496,0.0,0.5,0.14285714285714285,-0.6630844861095233,0.6328182075433242,0.14285714285714232,-0.6630844861095235,0.0,1.0,0.0,0.0,1.0,0.0,0.0,1.0,0.0,0.0,0.0,1.0,0.0,0.0,0.0,0.0,0.0,1.0,0.0,0
-1.0,1.8143616272097358,0.10958428524789873,-0.11703672961195286,0.0,0.14285714285714285,0.33337144163713267,-0.42769408673346804,0.14285714285714232,0.3333714416371326,0.0,1.0,0.0,1.0,0.0,0.0,0.0,1.0,0.0,0.0,0.0,0.0,0.0,1.0,0.0,0.0,1.0,0.0,0.0,0
0.14285714285714285,0.5502325299364035,0.34663294796206195,0.23075326831292758,-0.5,0.42857142857142855,-0.6923516634274608,-0.052968271612998906,0.42857142857142844,-0.6923516634274609,0.0,1.0,0.0,0.0,0.0,0.0,1.0,0.0,0.0,0.0,1.0,1.0,0.0,0.0,1.0,0.0,0.0,0.0,0.0,0
0.2857142857142857,-0.6476419352337904,-0.8862079119656484,1.196928823407346,0.0,0.8571428571428571,0.24191151251857776,-0.4329382782822918,0.8571428571428569,0.24191151251857787,0.0,1.0,0.0,0.0,1.0,0.0,0.0,1.0,0.0,0.0,0.0,1.0,0.0,0.0,1.0,0.0,0.0,0.0,0.0,0
-0.7142857142857143,1.6642186954992377,-0.614549058786363,-1.4774849553849343,0.0,0.2857142857142857,0.08505773408025606,-0.6430103648814163,0.28571428571428537,0.08505773408025613,0.0,1.0,0.0,0.0,0.0,0.0,1.0,1.0,0.0,0.0,0.0,0.0,1.0,0.0,1.0,0.0,0.0,0.0,0.0,1
0.14285714285714285,2.184212621955366,0.8909046539520824,0.3129279933596185,-0.5,0.2857142857142857,1.1770892877558021,-0.251624712982578,0.28571428571428537,1.1770892877558021,0.0,1.0,0.0,0.0,1.0,0.0,0.0,0.0,0.0,0.0,1.0,1.0,0.0,0.0,0.0,1.0,0.0,0.0,0.0,0
0.0,4.722118521007558,0.2530038264947574,1.4318323303589953,-0.5,1.4285714285714286,0.32148165085172065,-0.5967782210627551,1.4285714285714277,0.3214816508517208,1.0,0.0,0.0,0.0,1.0,0.0,0.0,0.0,0.0,0.0,1.0,1.0,0.0,0.0,0.0,1.0,0.0,0.0,0.0,1
-0.9285714285714286,0.0,-0.08426462110941682,0.21996264785225147,1.0,-0.8571428571428571,0.07042414542128726,-0.05803069318394488,-0.8571428571428573,0.07042414542128718,0.0,1.0,0.0,1.0,0.0,0.0,0.0,1.0,0.0,0.0,0.0,1.0,0.0,0.0,0.0,1.0,0.0,0.0,0.0,0
0.2857142857142857,0.21727292593287,0.5201241251703896,1.1853081552189244,0.0,0.42857142857142855,0.6891505659083115,0.2051574198469887,0.42857142857142844,0.6891505659083116,1.0,0.0,0.0,0.0,0.0,0.0,1.0,0.0,0.0,0.0,1.0,1.0,0.0,0.0,0.0,0.0,0.0,1.0,0.0,1
0.42857142857142855,-1.0094132155206264,2.086988843649262,-0.42332434114961603,1.0,-0.2857142857142857,-0.25425860294958263,6.29165762460544,-0.28571428571428575,-0.2542586029495827,0.0,1.0,0.0,1.0,0.0,0.0,0.0,0.0,0.0,0.0,1.0,1.0,0.0,0.0,0.0,0.0,0.0,1.0,0.0,0
0.8571428571428571,0.5335811923718219,-0.13340384678917824,-0.0016600954554890678,-0.5,-0.2857142857142857,0.17788956213558937,-0.28955220408732624,-0.28571428571428575,0.17788956213558935,0.0,1.0,0.0,0.0,1.0,0.0,0.0,0.0,0.0,0.0,1.0,1.0,0.0,0.0,0.0,0.0,1.0,0.0,0.0,1
0.8571428571428571,-0.38245544395117087,0.07308625699347072,0.04399252957044991,-0.5,-1.0,-0.20304104264319184,0.3594199506438979,-1.0,-0.20304104264319198,1.0,0.0,0.0,0.0,0.0,1.0,0.0,1.0,0.0,0.0,0.0,1.0,0.0,0.0,0.0,0.0,0.0,0.0,1.0,1
-1.0714285714285714,2.8013779499704428,0.172176870543732,-1.543888773604482,0.5,-1.5714285714285714,0.9799931405053162,-0.507506181957174,-1.5714285714285712,0.9799931405053165,0.0,1.0,0.0,0.0,0.0,0.0,1.0,1.0,0.0,0.0,0.0,1.0,0.0,0.0,0.0,0.0,0.0,1.0,0.0,0
-0.7142857142857143,-0.5112736355225865,3.9850333806821663,-0.8034862004565257,0.0,-0.14285714285714285,-0.7371670286955526,4.629917653343407,-0.14285714285714307,-0.737167028695553,0.0,1.0,0.0,0.0,0.0,1.0,0.0,1.0,0.0,0.0,0.0,0.0,1.0,0.0,0.0,0.0,0.0,1.0,0.0,0
0.42857142857142855,-0.8952533607734884,-0.866714931862404,-0.7528532890641214,-0.5,-0.42857142857142855,0.4266605693380587,-0.22794845083251952,-0.4285714285714288,0.42666056933805885,0.0,1.0,0.0,0.0,0.0,0.0,1.0,0.0,0.0,0.0,1.0,0.0,1.0,0.0,1.0,0.0,0.0,0.0,0.0,0
0.0,-0.3349014803184855,0.6480848117419618,0.6009545548869057,-0.5,0.5714285714285714,-1.181204984566137,0.8212477948975209,0.5714285714285707,-1.1812049845661372,0.0,1.0,0.0,1.0,0.0,0.0,0.0,1.0,0.0,0.0,0.0,1.0,0.0,0.0,0.0,0.0,0.0,1.0,0.0,0
0.42857142857142855,-0.9808347023134301,-0.06200324059760576,0.6358165594521685,-0.5,0.2857142857142857,-0.46507373956785175,1.5134304593588346,0.28571428571428537,-0.46507373956785186,0.0,1.0,0.0,1.0,0.0,0.0,0.0,1.0,0.0,0.0,0.0,1.0,0.0,0.0,1.0,0.0,0.0,0.0,0.0,0
2.642857142857143,0.0,0.5221376025733757,0.24901431832330354,-0.5,-0.8571428571428571,-0.5226934949125415,0.3595369115905376,-0.8571428571428573,-0.5226934949125416,0.0,1.0,0.0,1.0,0.0,0.0,0.0,1.0,0.0,0.0,0.0,1.0,0.0,0.0,1.0,0.0,0.0,0.0,0.0,0
0.42857142857142855,-1.004963565125632,-0.3832678321241814,0.6017846026146503,-1.0,0.0,0.7444838230250372,0.945617365180964,0.0,0.7444838230250374,1.0,0.0,0.0,1.0,0.0,0.0,0.0,0.0,1.0,0.0,0.0,1.0,0.0,0.0,0.0,0.0,0.0,0.0,1.0,0
0.8571428571428571,0.02816515039116445,-0.01541685103185583,-0.0954554886905997,0.5,-0.14285714285714285,1.1459929118554935,-0.02606239590189792,-0.14285714285714307,1.1459929118554937,1.0,0.0,0.0,1.0,0.0,0.0,0.0,0.0,0.0,1.0,0.0,1.0,0.0,0.0,0.0,1.0,0.0,0.0,0.0,0
0.7142857142857143,-1.0082961042342793,0.6799167747075751,0.8690599709483298,1.0,0.0,-0.7499714187721503,3.2464366578595127,0.0,-0.7499714187721506,1.0,0.0,0.0,0.0,0.0,1.0,0.0,1.0,0.0,0.0,0.0,0.0,1.0,0.0,0.0,0.0,1.0,0.0,0.0,0
0.5,-0.23553409471498177,4.635871404084016,0.026561527287819423,-0.5,-0.7142857142857143,0.046187264204870314,3.9535723099366624,-0.7142857142857142,0.046187264204870244,1.0,0.0,0.0,1.0,0.0,0.0,0.0,0.0,0.0,1.0,0.0,1.0,0.0,0.0,0.0,1.0,0.0,0.0,0.0,0
-0.21428571428571427,2.18979039005888,0.7932130149610386,0.06142353185308135,0.5,-1.7142857142857142,-0.059906253572653424,-0.27967522237393033,-1.7142857142857142,-0.059906253572653494,1.0,0.0,0.0,0.0,1.0,0.0,0.0,1.0,0.0,0.0,0.0,1.0,0.0,0.0,0.0,0.0,1.0,0.0,0.0,0
0.5714285714285714,0.33102327146387706,-0.4735344050405143,-0.16683959327661357,-1.0,0.14285714285714285,0.01417628901337612,-0.41967003737486497,0.14285714285714232,0.014176289013375979,1.0,0.0,0.0,0.0,1.0,0.0,0.0,0.0,0.0,0.0,1.0,1.0,0.0,0.0,0.0,1.0,0.0,0.0,0.0,0
-0.6428571428571429,-0.5576158380467986,1.6157758418040398,0.5038389707408178,0.5,0.14285714285714285,-0.042986166685720716,2.2889681948199905,0.14285714285714232,-0.04298616668572066,1.0,0.0,0.0,0.0,0.0,1.0,0.0,0.0,0.0,0.0,1.0,0.0,1.0,0.0,0.0,0.0,0.0,1.0,0.0,0
-0.21428571428571427,-0.020605631354776405,-0.2745786703915953,-0.27640589333886656,-0.5,-0.7142857142857143,0.42437407111009495,-0.17992294001674372,-0.7142857142857142,0.42437407111009495,0.0,1.0,0.0,0.0,0.0,0.0,1.0,0.0,0.0,0.0,1.0,1.0,0.0,0.0,0.0,0.0,1.0,0.0,0.0,1
-0.35714285714285715,0.019514318905660275,-0.7964582781092199,0.7096908072214151,0.0,-0.7142857142857143,-0.279867383102778,-0.5522187350538708,-0.7142857142857142,-0.27986738310277803,0.0,1.0,0.0,0.0,1.0,0.0,0.0,1.0,0.0,0.0,0.0,0.0,1.0,0.0,0.0,0.0,1.0,0.0,0.0,0
0.07142857142857142,0.44623985091084534,-0.20210818240676698,-0.7777547208964518,0.5,-0.14285714285714285,-0.10152052132159592,-0.3010443303757065,-0.14285714285714307,-0.10152052132159599,0.0,1.0,0.0,0.0,0.0,0.0,1.0,0.0,0.0,0.0,1.0,1.0,0.0,0.0,1.0,0.0,0.0,0.0,0.0,1
1.7857142857142858,-0.7813193945875566,0.7044670234824797,-0.7545133845196096,0.0,-0.42857142857142855,0.7380816279867384,1.960026638641189,-0.4285714285714288,0.7380816279867384,1.0,0.0,0.0,0.0,0.0,1.0,0.0,1.0,0.0,0.0,0.0,0.0,0.0,1.0,1.0,0.0,0.0,0.0,0.0,1
-1.4285714285714286,4.722118521007558,-0.6415491163899835,0.505499066196306,-0.5,-1.1428571428571428,0.8949354064250601,-0.743970675307101,-1.1428571428571428,0.8949354064250602,1.0,0.0,0.0,0.0,0.0,0.0,1.0,0.0,0.0,0.0,1.0,0.0,0.0,1.0,0.0,0.0,1.0,0.0,0.0,0
0.5714285714285714,-1.0912041821591805,1.1053706055296575,-0.04150238638721726,-0.5,0.2857142857142857,0.3141648565222361,5.221339950658083,0.28571428571428537,0.3141648565222362,0.0,1.0,0.0,0.0,0.0,0.0,1.0,0.0,0.0,1.0,0.0,1.0,0.0,0.0,0.0,0.0,0.0,1.0,0.0,1
-1.2857142857142858,-0.4307893762037894,0.4415734033590406,-0.2996472297157088,0.0,0.5714285714285714,0.8857894135132044,0.7721401157144864,0.5714285714285707,0.8857894135132046,1.0,0.0,0.0,0.0,0.0,0.0,1.0,1.0,0.0,0.0,0.0,1.0,0.0,0.0,1.0,0.0,0.0,0.0,0.0,0
-0.35714285714285715,-0.345589257104566,-0.4208974264214905,0.6490973230960783,-0.5,-1.7142857142857142,0.30227506573682406,-0.12297148698430332,-1.7142857142857142,0.30227506573682406,0.0,1.0,0.0,0.0,0.0,0.0,1.0,0.0,0.0,0.0,1.0,1.0,0.0,0.0,0.0,0.0,1.0,0.0,0.0,0
0.8571428571428571,0.6244819891292921,-0.08039656999513903,-0.40755343432247365,0.0,-0.2857142857142857,-0.46004344346633125,-0.28756566044072135,-0.28571428571428575,-0.4600434434663314,1.0,0.0,0.0,0.0,0.0,1.0,0.0,0.0,0.0,0.0,1.0,1.0,0.0,0.0,0.0,0.0,0.0,0.0,1.0,1
0.07142857142857142,0.0,2.0134991204661405,-0.12035692052293005,0.0,-1.4285714285714286,-0.8295415571052933,1.3864860759542126,-1.4285714285714284,-0.8295415571052934,0.0,1.0,0.0,0.0,1.0,0.0,0.0,1.0,0.0,0.0,0.0,0.0,1.0,0.0,0.0,0.0,0.0,0.0,1.0,0
-0.8571428571428571,-0.7960912841555798,0.7052963339496646,1.0076779414816348,0.5,-0.8571428571428571,0.6059220304104265,2.021479972479689,-0.8571428571428573,0.6059220304104266,0.0,1.0,0.0,1.0,0.0,0.0,0.0,0.0,0.0,0.0,1.0,0.0,1.0,0.0,0.0,0.0,0.0,1.0,0.0,1
-0.5714285714285714,-0.6174109983891072,0.02698890984766405,1.1064536210832117,1.5,0.14285714285714285,1.201783468617812,0.6304172144108646,0.14285714285714232,1.2017834686178122,0.0,1.0,0.0,0.0,0.0,0.0,1.0,0.0,0.0,1.0,0.0,0.0,1.0,0.0,1.0,0.0,0.0,0.0,0.0,0
0.0,0.17644418371873918,-0.14418108436795807,1.1305250051877984,0.0,-1.1428571428571428,-1.1674859951983538,-0.177941483437055,-1.1428571428571428,-1.1674859951983538,0.0,1.0,0.0,0.0,1.0,0.0,0.0,0.0,0.0,0.0,1.0,0.0,1.0,0.0,0.0,0.0,0.0,1.0,0.0,0
-0.5714285714285714,-0.05859198532484257,0.07870720327458872,-0.17846026146503421,0.0,-1.5714285714285714,0.3919057962730079,0.09093519216932462,-1.5714285714285712,0.391905796273008,0.0,1.0,0.0,0.0,1.0,0.0,0.0,0.0,1.0,0.0,0.0,1.0,0.0,0.0,0.0,1.0,0.0,0.0,0.0,0
0.0,-0.4010094592829411,-0.3070427799332437,0.8889811164141939,-0.5,-0.7142857142857143,-0.2204184291757174,0.021174524669139022,-0.7142857142857142,-0.22041842917571752,0.0,1.0,0.0,0.0,0.0,1.0,0.0,1.0,0.0,0.0,0.0,1.0,0.0,0.0,0.0,0.0,1.0,0.0,0.0,1
0.07142857142857142,-0.34092683390943185,-0.8678504615518473,-0.6490973230960783,1.0,0.42857142857142855,-0.8894478106779466,-0.5255686057563673,0.42857142857142844,-0.889447810677947,1.0,0.0,0.0,0.0,1.0,0.0,0.0,1.0,0.0,0.0,0.0,0.0,1.0,0.0,0.0,0.0,0.0,1.0,0.0,1
-0.5,0.6985833078291499,2.9996326126279294,-0.6192156048972817,0.0,-0.14285714285714285,0.4403795587058421,1.1353482717233283,-0.14285714285714307,0.44037955870584206,1.0,0.0,0.0,0.0,0.0,1.0,0.0,1.0,0.0,0.0,0.0,1.0,0.0,0.0,1.0,0.0,0.0,0.0,0.0,1
1.7142857142857142,-0.3638392301648603,0.14142885481160591,-1.6376841668395932,0.0,0.8571428571428571,-0.8885332113867612,0.40184633151420424,0.8571428571428569,-0.8885332113867613,0.0,1.0,0.0,0.0,0.0,0.0,1.0,0.0,0.0,0.0,1.0,0.0,1.0,0.0,0.0,0.0,0.0,1.0,0.0,0
0.5,-0.0656422883181911,0.3546742785012356,1.2010790620460678,-1.0,0.5714285714285714,0.872985023436607,0.29439489796706325,0.5714285714285707,0.8729850234366071,1.0,0.0,0.0,0.0,0.0,0.0,1.0,0.0,0.0,0.0,1.0,1.0,0.0,0.0,0.0,0.0,0.0,1.0,0.0,0
-1.4285714285714286,3.4233731772802054,-0.021853235017190654,-0.5885038389707405,-0.5,-0.14285714285714285,-0.093289127700926,-0.5898930516672324,-0.14285714285714307,-0.09328912770092593,1.0,0.0,0.0,1.0,0.0,0.0,0.0,1.0,0.0,0.0,0.0,1.0,0.0,0.0,0.0,0.0,1.0,0.0,0.0,1
0.14285714285714285,-0.8028994188183166,-0.42131994013489904,-0.06889396140278027,-0.5,-0.14285714285714285,-0.12392820395564197,0.3580108120497509,-0.14285714285714307,-0.12392820395564202,0.0,1.0,0.0,1.0,0.0,0.0,0.0,0.0,0.0,1.0,0.0,0.0,0.0,1.0,1.0,0.0,0.0,0.0,0.0,1
-0.5,-0.9455216108766923,-0.11030393482686059,-0.6217057480805144,-0.5,-1.7142857142857142,0.41477077855264666,1.2669742299408686,-1.7142857142857142,0.4147707785526467,0.0,1.0,0.0,1.0,0.0,0.0,0.0,0.0,0.0,0.0,1.0,1.0,0.0,0.0,0.0,0.0,0.0,0.0,1.0,0
0.6428571428571429,0.8060235660614482,-0.7437572205374393,0.5113094002905167,0.0,-0.7142857142857143,1.317480278952784,-0.6272123031856931,-0.7142857142857142,1.3174802789527842,0.0,1.0,0.0,0.0,1.0,0.0,0.0,0.0,0.0,0.0,1.0,0.0,0.0,1.0,1.0,0.0,0.0,0.0,0.0,0
-0.6428571428571429,-0.4586225085403379,3.6380494022714327,-0.2440340319568373,0.5,0.8571428571428571,0.16874356922373376,4.002796129279744,0.8571428571428569,0.16874356922373385,0.0,1.0,0.0,0.0,0.0,0.0,1.0,0.0,0.0,0.0,1.0,0.0,0.0,1.0,0.0,0.0,1.0,0.0,0.0,0
-0.07142857142857142,0.0,-0.6276413687360648,-0.89977173687487,0.5,-0.2857142857142857,-0.2894706756602263,-0.43219905559301286,-0.28571428571428575,-0.2894706756602264,1.0,0.0,0.0,0.0,0.0,1.0,0.0,0.0,1.0,0.0,0.0,0.0,1.0,0.0,0.0,1.0,0.0,0.0,0.0,0
0.42857142857142855,-0.514762157538098,-0.5513297218778709,0.3320190910977381,1.0,0.14285714285714285,-0.0859723333714416,-0.13542867231868225,0.14285714285714232,-0.08597233337144158,0.0,1.0,0.0,1.0,0.0,0.0,0.0,0.0,0.0,1.0,0.0,0.0,1.0,0.0,0.0,0.0,0.0,1.0,0.0,0
0.7142857142857143,-0.19333977191001905,-0.26710127867719796,-0.991076986926748,0.5,0.0,0.9653595518463473,-0.08572238263544962,0.0,0.9653595518463474,1.0,0.0,0.0,0.0,0.0,1.0,0.0,1.0,0.0,0.0,0.0,1.0,0.0,0.0,0.0,0.0,0.0,1.0,0.0,0
-0.9285714285714286,2.1003282435549235,1.46459903135497,-0.5702427889603655,-0.5,-0.7142857142857143,0.16874356922373376,-0.07440530343691912,-0.7142857142857142,0.16874356922373385,1.0,0.0,0.0,0.0,0.0,1.0,0.0,0.0,0.0,0.0,1.0,0.0,1.0,0.0,0.0,0.0,1.0,0.0,0.0,0
-0.2857142857142857,0.8294790359534313,0.03127372188277051,-1.4658642871965137,0.5,0.0,1.2616897221904655,-0.2871342288669055,0.0,1.2616897221904657,0.0,1.0,0.0,1.0,0.0,0.0,0.0,0.0,1.0,0.0,0.0,1.0,0.0,0.0,0.0,0.0,1.0,0.0,0.0,0
-0.35714285714285715,0.9071772101509256,-0.6282164553167974,-0.9836065573770489,-0.5,0.7142857142857143,0.4609580427575168,-0.586810573169585,0.7142857142857139,0.46095804275751695,1.0,0.0,0.0,0.0,0.0,0.0,1.0,0.0,0.0,1.0,0.0,1.0,0.0,0.0,0.0,1.0,0.0,0.0,0.0,1
-0.5,-0.8001063296101765,1.4108387167647465,0.14691844781074948,0.0,1.1428571428571428,-0.6447925002858123,3.0936561224837185,1.1428571428571423,-0.6447925002858125,0.0,1.0,0.0,1.0,0.0,0.0,0.0,0.0,0.0,0.0,1.0,1.0,0.0,0.0,1.0,0.0,0.0,0.0,0.0,1
1.3571428571428572,-0.6929783346624759,0.7023588864924961,-1.3654285121394478,-1.0,0.8571428571428571,0.10380701954955983,1.6441893326740424,0.8571428571428569,0.10380701954955986,1.0,0.0,0.0,0.0,0.0,1.0,0.0,1.0,0.0,0.0,0.0,1.0,0.0,0.0,0.0,0.0,1.0,0.0,0.0,0
0.2857142857142857,-1.0912041821591805,0.4927984705168729,-1.0242788960365217,-0.5,0.8571428571428571,-0.3946495941465645,3.623664096332835,0.8571428571428569,-0.3946495941465646,0.0,1.0,0.0,1.0,0.0,0.0,0.0,1.0,0.0,0.0,0.0,1.0,0.0,0.0,0.0,0.0,0.0,1.0,0.0,1
-1.0,-0.5296711000485601,0.684847248252481,0.01909109773811956,-0.5,-0.8571428571428571,-0.32422544872527725,1.1999228285041663,-0.8571428571428573,-0.32422544872527725,1.0,0.0,0.0,0.0,0.0,1.0,0.0,0.0,0.0,0.0,1.0,1.0,0.0,0.0,0.0,0.0,0.0,1.0,0.0,0
0.7142857142857143,1.034645046231469,3.992069568988601,-0.3627308570242792,1.0,1.2857142857142858,1.169315193780725,1.2742974888916903,1.2857142857142854,1.1693151937807253,1.0,0.0,0.0,0.0,0.0,1.0,0.0,0.0,0.0,0.0,1.0,1.0,0.0,0.0,1.0,0.0,0.0,0.0,0.0,0
1.6428571428571428,0.0,3.377272149209659,1.4260219962647847,-0.5,-0.14285714285714285,-0.3210243512061278,2.32557801003386,-0.14285714285714307,-0.32102435120612793,0.0,1.0,0.0,1.0,0.0,0.0,0.0,0.0,0.0,0.0,1.0,0.0,1.0,0.0,1.0,0.0,0.0,0.0,0.0,0
0.7857142857142857,-0.16590184314505724,-0.39783866481757973,1.3147956007470425,0.0,0.2857142857142857,-1.0211501086086658,-0.2027840284038762,0.28571428571428537,-1.021150108608666,1.0,0.0,0.0,0.0,1.0,0.0,0.0,0.0,0.0,0.0,1.0,1.0,0.0,0.0,0.0,0.0,0.0,0.0,1.0,0
-1.2142857142857142,-0.013428795070648092,2.0634486366146523,-0.5918240298817177,0.0,-0.2857142857142857,-0.9040813993369156,1.4415353592095868,-0.28571428571428575,-0.9040813993369157,1.0,0.0,0.0,1.0,0.0,0.0,0.0,0.0,0.0,0.0,1.0,0.0,0.0,1.0,0.0,0.0,0.0,1.0,0.0,1
0.0,-0.4643750002154973,0.3406015440591625,0.414193816144428,-0.5,1.0,0.07271064364925117,0.7240381138872493,0.9999999999999992,0.07271064364925105,1.0,0.0,0.0,0.0,1.0,0.0,0.0,0.0,0.0,0.0,1.0,0.0,1.0,0.0,0.0,0.0,0.0,0.0,1.0,1
1.0,0.18200047983403397,0.45288592590099014,0.5494915957667569,0.5,-0.5714285714285714,-0.7458557219618154,0.18604104133329447,-0.5714285714285715,-0.7458557219618156,1.0,0.0,0.0,0.0,0.0,1.0,0.0,0.0,0.0,0.0,1.0,0.0,1.0,0.0,0.0,0.0,0.0,1.0,0.0,0
-0.5714285714285714,0.7838372150701474,-0.7694724510977708,-0.40091305250051834,1.0,0.42857142857142855,-0.8162798673831029,-0.6367241315687268,0.42857142857142844,-0.8162798673831029,1.0,0.0,0.0,0.0,0.0,1.0,0.0,0.0,0.0,0.0,1.0,1.0,0.0,0.0,0.0,0.0,0.0,1.0,0.0,1
0.0,-0.8710898290835821,-0.09992650256972631,-1.0342394687694543,-1.0,-0.5714285714285714,0.7225334400365842,1.0280031052670455,-0.5714285714285715,0.7225334400365843,0.0,1.0,0.0,0.0,1.0,0.0,0.0,1.0,0.0,0.0,0.0,0.0,1.0,0.0,0.0,0.0,0.0,0.0,1.0,0
0.6428571428571429,0.2711836797907818,-0.4576207219222074,0.012450715916165178,0.0,-0.14285714285714285,0.1124957128158226,-0.39610403635201685,-0.14285714285714307,0.11249571281582264,0.0,1.0,0.0,0.0,0.0,1.0,0.0,0.0,1.0,0.0,0.0,1.0,0.0,0.0,0.0,1.0,0.0,0.0,0.0,0
-0.7142857142857143,1.0012684901554347,0.817522967663106,-0.10126582278481049,0.0,1.2857142857142858,-0.08871613124499818,-0.002123918570318974,1.2857142857142854,-0.08871613124499818,1.0,0.0,0.0,0.0,1.0,0.0,0.0,1.0,0.0,0.0,0.0,0.0,1.0,0.0,0.0,0.0,1.0,0.0,0.0,0
-0.07142857142857142,-0.2988943352574988,1.1370897146695393,-0.28636646607179905,1.5,1.8571428571428572,-0.9681033497199041,1.1925019230056355,1.857142857142856,-0.9681033497199042,0.0,1.0,0.0,0.0,1.0,0.0,0.0,0.0,0.0,1.0,0.0,1.0,0.0,0.0,0.0,0.0,0.0,1.0,0.0,0
-1.4285714285714286,0.7040277819403042,-0.861430812963109,0.3328491388254826,0.0,-1.1428571428571428,-0.7399108265691094,-0.67228178138488,-1.1428571428571428,-0.7399108265691096,1.0,0.0,0.0,0.0,0.0,1.0,0.0,0.0,0.0,1.0,0.0,0.0,0.0,1.0,0.0,0.0,1.0,0.0,0.0,0
-0.7857142857142857,4.722118521007558,0.004175619077380502,-0.5088192571072832,0.0,0.42857142857142855,-0.28489767920429865,-0.6377211689634965,0.42857142857142844,-0.28489767920429876,1.0,0.0,0.0,0.0,0.0,0.0,1.0,0.0,1.0,0.0,0.0,0.0,0.0,1.0,0.0,0.0,0.0,0.0,1.0,1
-0.21428571428571427,-0.07825159170746677,1.2099564296839778,-0.7918655322681051,1.0,0.42857142857142855,0.600891734308906,0.9263310119261521,0.42857142857142844,0.6008917343089061,0.0,1.0,0.0,0.0,1.0,0.0,0.0,0.0,0.0,0.0,1.0,1.0,0.0,0.0,0.0,1.0,0.0,0.0,0.0,1
-1.0,0.36389583075849197,-0.11080533611698756,0.09794563187383235,-0.5,-0.8571428571428571,-0.4518120498456613,-0.226580401958892,-0.8571428571428573,-0.4518120498456615,0.0,1.0,0.0,1.0,0.0,0.0,0.0,0.0,0.0,1.0,0.0,1.0,0.0,0.0,0.0,0.0,1.0,0.0,0.0,0
1.2857142857142858,-0.49154461025613433,0.7001281241869926,0.2930068478937535,1.0,0.0,-0.9383788727563737,1.1372350030623575,0.0,-0.9383788727563738,1.0,0.0,0.0,1.0,0.0,0.0,0.0,1.0,0.0,0.0,0.0,0.0,1.0,0.0,0.0,0.0,0.0,1.0,0.0,0
-1.1428571428571428,0.16061629960665622,0.3109556147486105,-0.8092965345507365,0.5,-0.14285714285714285,1.5575625928889907,0.11119783526013845,-0.14285714285714307,1.557562592888991,0.0,1.0,0.0,0.0,0.0,1.0,0.0,1.0,0.0,0.0,0.0,1.0,0.0,0.0,0.0,0.0,1.0,0.0,0.0,0
-0.35714285714285715,0.4331730643670239,0.3022594842922856,0.6756588503838967,2.0,-0.42857142857142855,0.20990053732708372,-0.028596430528225657,-0.4285714285714288,0.20990053732708386,1.0,0.0,0.0,0.0,0.0,0.0,1.0,1.0,0.0,0.0,0.0,0.0,1.0,0.0,0.0,1.0,0.0,0.0,0.0,0
0.07142857142857142,0.17294600742137098,-0.16563641331081427,-1.2284706370616307,-1.0,-0.5714285714285714,-0.2327655196067223,-0.18977579855524548,-0.5714285714285715,-0.23276551960672237,0.0,1.0,0.0,0.0,0.0,1.0,0.0,0.0,0.0,0.0,1.0,1.0,0.0,0.0,0.0,0.0,0.0,1.0,0.0,1
1.1428571428571428,-0.6337685699486151,-0.6212534568451478,-0.386802241128865,0.5,-0.2857142857142857,-0.7554590145192638,-0.12091154349766231,-0.28571428571428575,-0.755459014519264,1.0,0.0,0.0,0.0,0.0,0.0,1.0,0.0,0.0,1.0,0.0,1.0,0.0,0.0,0.0,1.0,0.0,0.0,0.0,0
-1.1428571428571428,0.0,-0.5862201336220951,-0.16102925918240277,-0.5,-0.7142857142857143,0.08688693266262729,-0.403676459108623,-0.7142857142857142,0.08688693266262729,0.0,1.0,0.0,0.0,1.0,0.0,0.0,0.0,1.0,0.0,0.0,0.0,0.0,1.0,0.0,0.0,0.0,1.0,0.0,0
0.9285714285714286,1.8414738253725522,0.6775743696905674,-0.4283046275160823,-0.5,-0.42857142857142855,0.4952555161769749,-0.25659856649342333,-0.4285714285714288,0.49525551617697483,1.0,0.0,0.0,0.0,1.0,0.0,0.0,0.0,0.0,0.0,1.0,0.0,1.0,0.0,0.0,0.0,0.0,0.0,1.0,0
0.0,0.420951473691984,0.03498961300957444,-0.37767171612367706,0.0,0.42857142857142855,-0.11295301246141529,-0.16673812986774847,0.42857142857142844,-0.11295301246141537,0.0,1.0,0.0,0.0,1.0,0.0,0.0,1.0,0.0,0.0,0.0,0.0,1.0,0.0,0.0,1.0,0.0,0.0,0.0,0
-0.7857142857142857,1.041971456277363,-0.07833478564967539,1.3405270803071174,0.0,1.7142857142857142,0.21218703555504748,-0.3778967718049901,1.7142857142857137,0.21218703555504748,1.0,0.0,0.0,0.0,1.0,0.0,0.0,1.0,0.0,0.0,0.0,1.0,0.0,0.0,0.0,0.0,0.0,1.0,0.0,0
0.35714285714285715,-0.17707849978382317,-0.25771406992754725,-0.5793733139655526,-0.5,0.8571428571428571,-1.1560535040585345,-0.0877620908067036,0.8571428571428569,-1.1560535040585347,0.0,1.0,0.0,1.0,0.0,0.0,0.0,1.0,0.0,0.0,0.0,0.0,1.0,0.0,0.0,1.0,0.0,0.0,0.0,0
0.14285714285714285,0.7640067251943757,-0.18681304835476076,1.4318323303589953,0.0,-0.42857142857142855,-0.21035783697267624,-0.37016139917397173,-0.4285714285714288,-0.21035783697267632,1.0,0.0,0.0,1.0,0.0,0.0,0.0,0.0,0.0,0.0,1.0,1.0,0.0,0.0,0.0,1.0,0.0,0.0,0.0,0
-0.5,0.25163486778565775,1.103181654190321,0.3295289479145054,0.5,0.14285714285714285,-1.1025494455241798,0.5277103866827455,0.14285714285714232,-1.10254944552418,1.0,0.0,0.0,0.0,0.0,1.0,0.0,0.0,0.0,0.0,1.0,1.0,0.0,0.0,1.0,0.0,0.0,0.0,0.0,0
0.07142857142857142,-0.6010387966713793,-0.205245408660803,0.08549491595766717,0.0,-0.42857142857142855,0.6342746084371783,0.33419290701903553,-0.4285714285714288,0.6342746084371785,0.0,1.0,0.0,0.0,0.0,0.0,1.0,1.0,0.0,0.0,0.0,0.0,1.0,0.0,0.0,0.0,0.0,0.0,1.0,0
-0.2857142857142857,0.28948389838522204,-0.6642149264777626,0.35692052293006843,0.0,0.42857142857142855,1.6128958500057164,-0.5196979114426131,0.42857142857142844,1.6128958500057167,0.0,1.0,0.0,0.0,1.0,0.0,0.0,1.0,0.0,0.0,0.0,1.0,0.0,0.0,0.0,1.0,0.0,0.0,0.0,1
0.07142857142857142,-0.6205952077050796,0.7169926971257171,1.4318323303589953,1.0,0.8571428571428571,0.3772722076140391,1.4530301955710225,0.8571428571428569,0.37727220761403923,0.0,1.0,0.0,0.0,1.0,0.0,0.0,0.0,1.0,0.0,0.0,1.0,0.0,0.0,1.0,0.0,0.0,0.0,0.0,1
0.0,-0.43252106230660536,-0.12283073700835535,-0.680639136750363,-0.5,-1.4285714285714286,-0.4586715445295529,0.22607516096760708,-1.4285714285714284,-0.45867154452955294,1.0,0.0,0.0,0.0,0.0,0.0,1.0,0.0,0.0,1.0,0.0,1.0,0.0,0.0,0.0,0.0,1.0,0.0,0.0,0
1.2142857142857142,0.1679326497285986,0.04399785310735475,-0.7694542436190083,-1.0,-0.5714285714285714,-1.045386989825083,-0.058137265520137676,-0.5714285714285715,-1.0453869898250832,1.0,0.0,0.0,0.0,0.0,0.0,1.0,0.0,0.0,0.0,1.0,0.0,1.0,0.0,0.0,0.0,0.0,1.0,0.0,0
-1.0,0.2688668684875811,2.031497544049584,-0.5121394480182613,0.5,-0.14285714285714285,2.0025151480507604,1.0553764904681362,-0.14285714285714307,2.0025151480507604,1.0,0.0,0.0,0.0,0.0,1.0,0.0,0.0,1.0,0.0,0.0,1.0,0.0,0.0,1.0,0.0,0.0,0.0,0.0,0
1.6428571428571428,-0.7093447221768446,0.0052573918103231585,0.043162481842706324,0.0,-0.5714285714285714,0.3983079913113068,0.776398954995667,-0.5714285714285715,0.39830799131130684,0.0,1.0,0.0,0.0,0.0,0.0,1.0,1.0,0.0,0.0,0.0,0.0,1.0,0.0,0.0,0.0,1.0,0.0,0.0,0
-1.4285714285714286,1.1730025066044787,0.2551323322240194,-1.196928823407346,1.5,-1.0,-0.5492168743569222,-0.2724409782274745,-1.0,-0.5492168743569225,0.0,1.0,0.0,0.0,1.0,0.0,0.0,0.0,1.0,0.0,0.0,1.0,0.0,0.0,0.0,0.0,1.0,0.0,0.0,0
-0.14285714285714285,0.5546012141692702,-0.6076124020491585,1.4318323303589953,0.5,0.42857142857142855,-0.1595975763118783,-0.5328653093649036,0.42857142857142844,-0.15959757631187832,1.0,0.0,0.0,0.0,1.0,0.0,0.0,0.0,0.0,0.0,1.0,0.0,1.0,0.0,0.0,0.0,0.0,0.0,1.0,0
0.42857142857142855,-0.4732093171418946,-0.13250982428679978,1.2160199211454656,2.5,-1.1428571428571428,0.7248199382645479,0.25921049968605675,-1.1428571428571428,0.7248199382645482,0.0,1.0,0.0,0.0,1.0,0.0,0.0,1.0,0.0,0.0,0.0,0.0,1.0,0.0,0.0,1.0,0.0,0.0,0.0,1
0.21428571428571427,-0.8441768823177451,0.5673592040315076,0.12782735007262896,-0.5,-0.7142857142857143,0.7330513318852179,2.01633287971999,-0.7142857142857142,0.733051331885218,0.0,0.0,1.0,0.0,1.0,0.0,0.0,1.0,0.0,0.0,0.0,1.0,0.0,0.0,0.0,0.0,0.0,0.0,1.0,0
-0.5,-0.10923542732295481,-0.7310591007434198,-0.1859306910147331,1.0,0.8571428571428571,0.39464959414656464,-0.47673281727403777,0.8571428571428569,0.3946495941465648,0.0,1.0,0.0,0.0,1.0,0.0,0.0,1.0,0.0,0.0,0.0,1.0,0.0,0.0,1.0,0.0,0.0,0.0,0.0,0
-0.14285714285714285,-0.3188060887662674,0.17907477162566085,-0.41502386387217255,-0.5,0.2857142857142857,0.31690865439579285,0.38686327933941256,0.28571428571428537,0.3169086543957928,1.0,0.0,0.0,0.0,0.0,1.0,0.0,0.0,0.0,0.0,1.0,1.0,0.0,0.0,0.0,1.0,0.0,0.0,0.0,0
-0.35714285714285715,0.10019677495199017,0.09766141618600631,0.0,0.0,0.0,1.4743340573911057,0.00988593256772876,0.0,1.474334057391106,0.0,1.0,0.0,0.0,1.0,0.0,0.0,0.0,0.0,1.0,0.0,1.0,0.0,0.0,0.0,0.0,1.0,0.0,0.0,1
-0.42857142857142855,-0.26456103173660583,0.05151119289404614,-0.5619423116829221,1.0,-0.14285714285714285,-0.4883960214930833,0.22536026071126425,-0.14285714285714307,-0.4883960214930835,0.0,1.0,0.0,0.0,0.0,1.0,0.0,1.0,0.0,0.0,0.0,0.0,1.0,0.0,0.0,1.0,0.0,0.0,0.0,1
0.6428571428571429,-0.9895810219480563,1.0896372408046104,1.323096078024486,0.0,0.2857142857142857,-1.0444723905338973,3.9397411741708392,0.28571428571428537,-1.0444723905338975,0.0,1.0,0.0,0.0,1.0,0.0,0.0,0.0,0.0,0.0,1.0,1.0,0.0,0.0,0.0,0.0,0.0,0.0,1.0,0
0.2857142857142857,-0.2813473399475394,0.29568555626617526,1.4318323303589953,-1.0,-1.1428571428571428,0.28535497884989147,0.44774721765593545,-1.1428571428571428,0.2853549788498915,1.0,0.0,0.0,1.0,0.0,0.0,0.0,0.0,0.0,0.0,1.0,0.0,1.0,0.0,0.0,0.0,1.0,0.0,0.0,1
-0.5714285714285714,-0.2254250069413812,1.7885452775088309,0.2017015978418755,0.0,0.0,0.3342860409283184,1.602819540106079,0.0,0.3342860409283183,0.0,0.0,1.0,1.0,0.0,0.0,0.0,0.0,1.0,0.0,0.0,1.0,0.0,0.0,0.0,0.0,0.0,1.0,0.0,0
0.7142857142857143,0.6248693502870455,-0.5357962735763082,0.012450715916165178,0.0,0.14285714285714285,-0.42345947181890925,-0.5082773930461684,0.14285714285714232,-0.42345947181890936,0.0,1.0,0.0,1.0,0.0,0.0,0.0,0.0,0.0,0.0,1.0,1.0,0.0,0.0,0.0,1.0,0.0,0.0,0.0,0
0.21428571428571427,-0.4695780631946168,0.12569422392168464,0.7478730026976551,-1.0,-0.42857142857142855,-0.45775694523836735,0.5154865083713541,-0.4285714285714288,-0.4577569452383675,0.0,1.0,0.0,1.0,0.0,0.0,0.0,1.0,0.0,0.0,0.0,1.0,0.0,0.0,0.0,0.0,1.0,0.0,0.0,0
0.6428571428571429,2.261780341655164,0.08483607434746741,0.0,-0.5,-0.14285714285714285,0.8656682291071225,-0.48357099744741777,-0.14285714285714307,0.8656682291071225,1.0,0.0,0.0,0.0,0.0,1.0,0.0,0.0,0.0,0.0,1.0,1.0,0.0,0.0,0.0,0.0,0.0,1.0,0.0,1
0.5,-0.9628998320323973,-0.5660838181741273,-0.5478315003112678,0.5,-1.5714285714285714,-0.7129301474791357,0.4420930308308923,-1.5714285714285712,-0.7129301474791359,1.0,0.0,0.0,0.0,0.0,1.0,0.0,1.0,0.0,0.0,0.0,1.0,0.0,0.0,0.0,0.0,0.0,1.0,0.0,1
-0.6428571428571429,1.5765101938568302,4.635871404084016,-0.3511101888358576,-1.0,-0.42857142857142855,-0.3324568423459472,1.1148576018508793,-0.4285714285714288,-0.3324568423459472,0.0,1.0,0.0,0.0,0.0,0.0,1.0,0.0,1.0,0.0,0.0,1.0,0.0,0.0,0.0,1.0,0.0,0.0,0.0,0
-0.42857142857142855,-0.16793219000089116,3.778703777059965,-0.9122224527910351,-0.5,1.8571428571428572,0.3384017377386532,3.0415118153383105,1.857142857142856,0.3384017377386531,0.0,1.0,0.0,0.0,1.0,0.0,0.0,0.0,0.0,1.0,0.0,1.0,0.0,0.0,0.0,1.0,0.0,0.0,0.0,1
0.5714285714285714,0.9037114852211435,1.886620867235271,0.0,-0.5,-0.42857142857142855,0.04481536526809194,0.4894718852548826,-0.4285714285714288,0.044815365268091815,0.0,1.0,0.0,1.0,0.0,0.0,0.0,0.0,0.0,1.0,0.0,1.0,0.0,0.0,0.0,1.0,0.0,0.0,0.0,0
0.5,0.07143745354172651,0.4588374788408539,0.4913882548246527,0.0,0.8571428571428571,0.9799931405053162,0.2628652786424173,0.8571428571428569,0.9799931405053165,1.0,0.0,0.0,0.0,0.0,1.0,0.0,0.0,0.0,0.0,1.0,1.0,0.0,0.0,0.0,0.0,0.0,1.0,0.0,0
0.0,1.300974339466441,0.08487648152214386,-0.9313135505291557,-1.0,-0.42857142857142855,0.3319995427003543,-0.36092552329908917,-0.4285714285714288,0.3319995427003545,0.0,1.0,0.0,0.0,1.0,0.0,0.0,0.0,0.0,1.0,0.0,0.0,1.0,0.0,0.0,0.0,0.0,1.0,0.0,0
0.07142857142857142,-0.28069636551376126,-0.4109580872107804,-0.3004772774434533,-1.0,-0.2857142857142857,-0.8501200411569682,-0.15317900307288332,-0.28571428571428575,-0.8501200411569684,0.0,1.0,0.0,0.0,1.0,0.0,0.0,1.0,0.0,0.0,0.0,1.0,0.0,0.0,1.0,0.0,0.0,0.0,0.0,1
1.0,0.0,-0.8027663115117777,-0.9296534550736666,-1.0,-1.7142857142857142,0.20807133874471267,-0.5527898120830071,-1.7142857142857142,0.2080713387447127,0.0,1.0,0.0,0.0,0.0,1.0,0.0,0.0,1.0,0.0,0.0,1.0,0.0,0.0,0.0,0.0,1.0,0.0,0.0,0
-0.5,4.722118521007558,-0.4071659234129761,-0.6134052708030708,0.5,0.42857142857142855,0.29678746998971084,-0.7054045538915719,0.42857142857142844,0.2967874699897109,0.0,1.0,0.0,1.0,0.0,0.0,0.0,0.0,0.0,0.0,1.0,1.0,0.0,0.0,0.0,0.0,0.0,1.0,0.0,0
0.42857142857142855,-0.08529213224773319,-0.6808757019224105,0.40921352977796177,0.5,-0.14285714285714285,-0.8853321138676118,-0.4462721884894534,-0.14285714285714307,-0.8853321138676119,0.0,1.0,0.0,0.0,0.0,0.0,1.0,0.0,0.0,0.0,1.0,1.0,0.0,0.0,0.0,1.0,0.0,0.0,0.0,0
-0.14285714285714285,0.1974527664091135,2.2252577362897448,-0.496368541191118,-1.0,-0.7142857142857143,-0.44037955870584194,1.253634712064716,-0.7142857142857142,-0.44037955870584206,0.0,1.0,0.0,0.0,1.0,0.0,0.0,0.0,0.0,0.0,1.0,0.0,1.0,0.0,0.0,0.0,1.0,0.0,0.0,1
-0.14285714285714285,1.4506023761445725,-0.06221650680291463,-0.19174102510894392,0.0,0.0,-0.7719218017606037,-0.4365024423376693,0.0,-0.7719218017606039,0.0,1.0,0.0,0.0,0.0,0.0,1.0,1.0,0.0,0.0,0.0,0.0,0.0,1.0,0.0,0.0,0.0,1.0,0.0,1
0.0,-0.6394732769850039,-0.2117127861602288,-1.1272048142768203,0.5,-0.5714285714285714,-0.5263518920772835,0.3798327760281676,-0.5714285714285715,-0.5263518920772836,1.0,0.0,0.0,1.0,0.0,0.0,0.0,0.0,0.0,1.0,0.0,1.0,0.0,0.0,0.0,0.0,0.0,1.0,0.0,0
0.6428571428571429,0.5810861544394523,0.8935309001034658,0.1527287819049593,1.5,0.2857142857142857,1.7400251514805078,0.20583831239110228,0.28571428571428537,1.7400251514805083,0.0,1.0,0.0,1.0,0.0,0.0,0.0,1.0,0.0,0.0,0.0,0.0,0.0,1.0,0.0,0.0,0.0,1.0,0.0,0
0.6428571428571429,-0.4073980248055955,1.3908760861071117,-0.01079062046067611,0.5,0.42857142857142855,-1.0892877558019893,1.6384554236537592,0.42857142857142844,-1.0892877558019896,1.0,0.0,0.0,0.0,0.0,0.0,1.0,1.0,0.0,0.0,0.0,1.0,0.0,0.0,1.0,0.0,0.0,0.0,0.0,0
1.0,-0.09958174040781348,-0.4363554553370766,-0.49387839800788536,-0.5,-0.42857142857142855,0.14542128729850234,-0.2617166861168946,-0.4285714285714288,0.14542128729850234,1.0,0.0,0.0,1.0,0.0,0.0,0.0,1.0,0.0,0.0,0.0,1.0,0.0,0.0,1.0,0.0,0.0,0.0,0.0,1
0.0,0.06502087167172281,0.07208136248864222,-0.11288649097323113,0.5,-0.2857142857142857,-0.955756259288899,0.012301939658466115,-0.28571428571428575,-0.9557562592888992,1.0,0.0,0.0,0.0,1.0,0.0,0.0,0.0,0.0,0.0,1.0,1.0,0.0,0.0,1.0,0.0,0.0,0.0,0.0,0
0.5714285714285714,-0.8309207150012524,1.0780489145227028,0.14774849553849306,0.0,-0.2857142857142857,-1.000571624556991,2.758265625005538,-0.28571428571428575,-1.0005716245569911,1.0,0.0,0.0,0.0,0.0,0.0,1.0,1.0,0.0,0.0,0.0,1.0,0.0,0.0,1.0,0.0,0.0,0.0,0.0,0
-0.21428571428571427,-0.5135266798884806,0.45548404117191094,-0.5544718821332222,-1.0,0.2857142857142857,0.13901909226020345,0.9243303410518905,0.28571428571428537,0.13901909226020345,0.0,1.0,0.0,1.0,0.0,0.0,0.0,0.0,0.0,1.0,0.0,1.0,0.0,0.0,0.0,0.0,1.0,0.0,0.0,0
0.2857142857142857,1.6443948311110148,0.21945265935808334,-1.0209587051255444,0.0,0.0,1.1414199153995657,-0.3694749961094142,0.0,1.141419915399566,0.0,1.0,0.0,0.0,0.0,0.0,1.0,0.0,0.0,0.0,1.0,1.0,0.0,0.0,0.0,1.0,0.0,0.0,0.0,0
-0.07142857142857142,0.9388890381125964,0.07988170882189448,1.2948744552811784,1.0,-0.5714285714285714,0.15959757631187846,-0.2915682802706939,-0.5714285714285715,0.1595975763118786,1.0,0.0,0.0,0.0,1.0,0.0,0.0,1.0,0.0,0.0,0.0,1.0,0.0,0.0,0.0,0.0,1.0,0.0,0.0,0
0.07142857142857142,-0.04566690308614741,0.35664657802049116,-0.4258144843328487,0.5,0.2857142857142857,-0.5409854807362524,0.28004300304399254,0.28571428571428537,-0.5409854807362525,0.0,0.0,1.0,1.0,0.0,0.0,0.0,1.0,0.0,0.0,0.0,0.0,0.0,1.0,0.0,0.0,0.0,1.0,0.0,0
0.5,0.21749867928004463,0.17975216983328207,-0.04731272048142805,0.0,0.14285714285714285,1.5328684120269809,0.0006231673004436582,0.14285714285714232,1.5328684120269813,1.0,0.0,0.0,0.0,1.0,0.0,0.0,0.0,0.0,1.0,0.0,1.0,0.0,0.0,0.0,0.0,1.0,0.0,0.0,0
-0.6428571428571429,-0.21753369971423123,-0.5505314049247771,0.733762191326001,0.5,0.5714285714285714,0.14039099119698184,-0.30004802452714463,0.5714285714285707,0.14039099119698187,1.0,0.0,0.0,1.0,0.0,0.0,0.0,0.0,0.0,0.0,1.0,1.0,0.0,0.0,1.0,0.0,0.0,0.0,0.0,0
1.6428571428571428,1.6538865586590954,0.05516691366400883,1.4318323303589953,0.5,-0.8571428571428571,-0.29495827140733966,-0.4243708746680212,-0.8571428571428573,-0.2949582714073397,0.0,1.0,0.0,0.0,0.0,1.0,0.0,0.0,0.0,0.0,1.0,0.0,1.0,0.0,0.0,0.0,1.0,0.0,0.0,0
-0.7857142857142857,-0.15048747058444092,-0.5678164547029826,-0.8574393027599082,-0.5,-0.14285714285714285,-0.2071567394535268,-0.3404124867115984,-0.14285714285714307,-0.207156739453527,0.0,1.0,0.0,1.0,0.0,0.0,0.0,0.0,0.0,0.0,1.0,1.0,0.0,0.0,0.0,1.0,0.0,0.0,0.0,0
-0.9285714285714286,0.2069823268432379,0.08219287259690082,0.33782942519194886,-0.5,-0.42857142857142855,-0.3919057962730079,-0.05310153611451563,-0.4285714285714288,-0.391905796273008,0.0,1.0,0.0,0.0,0.0,0.0,1.0,0.0,0.0,0.0,1.0,1.0,0.0,0.0,0.0,0.0,0.0,1.0,0.0,0
0.9285714285714286,1.3109045931618357,-0.28987234560146397,-0.47810749118074297,1.5,-0.7142857142857143,1.1560535040585345,-0.49958261425868467,-0.7142857142857142,1.1560535040585347,1.0,0.0,0.0,1.0,0.0,0.0,0.0,0.0,0.0,1.0,0.0,0.0,1.0,0.0,0.0,0.0,1.0,0.0,0.0,0
0.6428571428571429,-0.5127451968713932,4.465732654915772,0.0,0.0,-0.8571428571428571,-0.6205556190693952,5.144212880611199,-0.8571428571428573,-0.6205556190693953,1.0,0.0,0.0,0.0,1.0,0.0,0.0,0.0,0.0,0.0,1.0,0.0,0.0,1.0,1.0,0.0,0.0,0.0,0.0,0
0.5,2.0228474664774496,-0.008853024799414903,-0.487238016185931,1.0,-0.42857142857142855,-0.2926717731793757,-0.48664139968844616,-0.4285714285714288,-0.29267177317937587,0.0,1.0,0.0,0.0,1.0,0.0,0.0,1.0,0.0,0.0,0.0,0.0,1.0,0.0,1.0,0.0,0.0,0.0,0.0,1
0.5,-0.8416705009422287,-0.684820521163509,-0.77360448225773,1.0,1.0,1.6069509546130105,0.010703331950285328,0.9999999999999992,1.6069509546130107,1.0,0.0,0.0,1.0,0.0,0.0,0.0,1.0,0.0,0.0,0.0,1.0,0.0,0.0,0.0,1.0,0.0,0.0,0.0,0
0.0,2.1621503163166627,-0.07536818887508034,-0.00830047727744345,0.0,-0.7142857142857143,0.3338287412827257,-0.518734491465209,-0.7142857142857142,0.3338287412827259,0.0,1.0,0.0,0.0,0.0,0.0,1.0,1.0,0.0,0.0,0.0,0.0,1.0,0.0,1.0,0.0,0.0,0.0,0.0,0
-0.7142857142857143,-0.2709482451189441,0.473326533798582,-1.0192986096700554,0.0,0.0,0.11386761175260099,0.5863812613359416,0.0,0.11386761175260107,1.0,0.0,0.0,0.0,0.0,1.0,0.0,0.0,0.0,1.0,0.0,0.0,0.0,1.0,0.0,0.0,1.0,0.0,0.0,1
0.07142857142857142,-0.18115558143612218,2.1623325900372086,0.6889396140278065,0.5,0.2857142857142857,1.9252315079455815,1.8129832750508095,0.28571428571428537,1.925231507945582,0.0,1.0,0.0,0.0,0.0,0.0,1.0,0.0,1.0,0.0,0.0,1.0,0.0,0.0,0.0,0.0,0.0,0.0,1.0,0
-0.5,-0.9566795809362899,-0.3485399574143335,0.059763436397593225,1.0,-0.14285714285714285,0.16828626957814108,0.8492132523984497,-0.14285714285714307,0.1682862695781411,0.0,1.0,0.0,0.0,0.0,1.0,0.0,1.0,0.0,0.0,0.0,1.0,0.0,0.0,0.0,0.0,1.0,0.0,0.0,1
0.7857142857142857,-0.3244579812019097,-0.7389027444103001,0.31873832745382835,-0.5,-0.2857142857142857,-0.24465531039213434,-0.41635550723623527,-0.28571428571428575,-0.24465531039213445,0.0,1.0,0.0,0.0,1.0,0.0,0.0,1.0,0.0,0.0,0.0,1.0,0.0,0.0,0.0,0.0,1.0,0.0,0.0,0
-0.14285714285714285,-0.6431064509715306,0.8038623423622153,-0.3079477069931522,0.0,1.0,0.048473762432834216,1.6201240356777504,0.9999999999999992,0.04847376243283412,0.0,1.0,0.0,0.0,0.0,0.0,1.0,1.0,0.0,0.0,0.0,1.0,0.0,0.0,0.0,0.0,1.0,0.0,0.0,1
-0.6428571428571429,-0.4178450394869931,-0.6772009336286902,-1.7392405063291134,-0.5,0.8571428571428571,0.9717617468846462,-0.3201404543331699,0.8571428571428569,0.9717617468846464,1.0,0.0,0.0,0.0,0.0,1.0,0.0,0.0,1.0,0.0,0.0,0.0,1.0,0.0,1.0,0.0,0.0,0.0,0.0,0
-0.2857142857142857,-0.10348737066803225,-0.2647565615330289,0.22328283876322866,2.0,-0.7142857142857143,1.9028238253115357,-0.1330530865947208,-0.7142857142857142,1.902823825311536,1.0,0.0,0.0,1.0,0.0,0.0,0.0,1.0,0.0,0.0,0.0,0.0,1.0,0.0,0.0,0.0,0.0,0.0,1.0,1
0.35714285714285715,0.0,-0.1569522288448226,-0.8001660095455485,0.0,-0.8571428571428571,-0.20395564193437754,-0.10808326402467713,-0.8571428571428573,-0.20395564193437768,1.0,0.0,0.0,0.0,1.0,0.0,0.0,0.0,0.0,0.0,1.0,1.0,0.0,0.0,0.0,0.0,0.0,1.0,0.0,0
-0.42857142857142855,0.18460678437890957,-0.030240476294892155,-0.23158331604067212,0.0,-0.14285714285714285,-0.4394649594146564,-0.11140525906860625,-0.14285714285714307,-0.4394649594146565,0.0,1.0,0.0,1.0,0.0,0.0,0.0,1.0,0.0,0.0,0.0,1.0,0.0,0.0,0.0,0.0,0.0,1.0,0.0,0
-0.6428571428571429,0.27894564127529475,0.654749738487064,-0.5860136957875078,-0.5,0.7142857142857143,-0.6100377272207614,0.24663070873765028,0.7142857142857139,-0.6100377272207614,0.0,1.0,0.0,0.0,1.0,0.0,0.0,1.0,0.0,0.0,0.0,0.0,1.0,0.0,0.0,0.0,0.0,0.0,1.0,0
0.21428571428571427,-0.668441720416554,-0.3963207258108473,-0.607594936708861,1.0,0.5714285714285714,0.10014862238481771,0.19170894218120715,0.5714285714285707,0.10014862238481781,0.0,1.0,0.0,0.0,0.0,0.0,1.0,1.0,0.0,0.0,0.0,1.0,0.0,0.0,0.0,0.0,1.0,0.0,0.0,0
0.21428571428571427,-0.5663559107931645,-0.16716002253415643,-1.4675243826520024,0.0,-0.42857142857142855,-0.21493083342860406,0.3322270512876504,-0.4285714285714288,-0.21493083342860408,0.0,0.0,1.0,0.0,0.0,0.0,1.0,1.0,0.0,0.0,0.0,0.0,1.0,0.0,0.0,0.0,1.0,0.0,0.0,1
-0.42857142857142855,2.517361417431927,0.00988357290560494,0.965345507366673,0.5,1.4285714285714286,-0.8478335429290041,-0.5254024739494007,1.4285714285714277,-0.8478335429290045,1.0,0.0,0.0,0.0,1.0,0.0,0.0,0.0,0.0,1.0,0.0,1.0,0.0,0.0,0.0,1.0,0.0,0.0,0.0,0
-0.35714285714285715,-0.4899865119270978,0.13676490897268911,-0.46399667980908876,-0.5,0.0,0.9909683319995428,0.5547168684890572,0.0,0.9909683319995429,1.0,0.0,0.0,0.0,1.0,0.0,0.0,0.0,0.0,0.0,1.0,1.0,0.0,0.0,0.0,0.0,0.0,1.0,0.0,0
0.21428571428571427,2.2157968349140043,0.09532344274605782,0.8416683959327658,1.0,1.8571428571428572,0.29221447353378305,-0.4762586752102793,1.857142857142856,0.2922144735337831,1.0,0.0,0.0,0.0,1.0,0.0,0.0,0.0,1.0,0.0,0.0,1.0,0.0,0.0,1.0,0.0,0.0,0.0,0.0,1
-1.1428571428571428,0.0,0.39081106441202984,0.7744345299854737,1.0,-0.14285714285714285,0.06585114896535961,0.2691056667142929,-0.14285714285714307,0.06585114896535968,0.0,1.0,0.0,0.0,0.0,0.0,1.0,1.0,0.0,0.0,0.0,1.0,0.0,0.0,1.0,0.0,0.0,0.0,0.0,1
-1.0714285714285714,0.0065752555360969545,0.8368895374436162,-0.8864909732309603,-1.0,0.5714285714285714,0.9667314507831257,0.5700264984058905,0.5714285714285707,0.966731450783126,1.0,0.0,0.0,0.0,0.0,1.0,0.0,1.0,0.0,0.0,0.0,0.0,1.0,0.0,0.0,1.0,0.0,0.0,0.0,0
-0.5714285714285714,1.1970345020844355,0.34948000225735176,-0.7470429549699106,3.0,1.0,0.30090316680004564,-0.24157453578127014,0.9999999999999992,0.30090316680004564,0.0,1.0,0.0,1.0,0.0,0.0,0.0,0.0,0.0,0.0,1.0,0.0,0.0,1.0,0.0,1.0,0.0,0.0,0.0,0
-0.14285714285714285,1.5111369679401379,0.4078724434127007,1.4318323303589953,0.5,0.14285714285714285,0.5441865782554018,-0.28432673015199,0.14285714285714232,0.544186578255402,1.0,0.0,0.0,1.0,0.0,0.0,0.0,0.0,0.0,0.0,1.0,0.0,1.0,0.0,1.0,0.0,0.0,0.0,0.0,1
0.21428571428571427,-0.08324007001842279,-0.738843840218333,1.2558622120771938,0.0,-0.7142857142857143,-0.9598719560992339,-0.4891389644328297,-0.7142857142857142,-0.9598719560992341,0.0,1.0,0.0,0.0,0.0,0.0,1.0,0.0,1.0,0.0,0.0,1.0,0.0,0.0,0.0,0.0,0.0,1.0,0.0,0
1.1428571428571428,-0.2812786782622885,0.05834039076889574,-0.0016600954554890678,0.5,0.14285714285714285,-0.2377958157082428,0.24597286989760023,0.14285714285714232,-0.23779581570824285,1.0,0.0,0.0,1.0,0.0,0.0,0.0,1.0,0.0,0.0,0.0,1.0,0.0,0.0,0.0,0.0,0.0,0.0,1.0,1
0.6428571428571429,-0.040346690670041686,0.4333607276820189,0.20253164556962003,-1.0,-0.8571428571428571,-0.8482908425745969,0.3302187042789806,-0.8571428571428573,-0.8482908425745972,1.0,0.0,0.0,0.0,1.0,0.0,0.0,1.0,0.0,0.0,0.0,0.0,1.0,0.0,0.0,0.0,0.0,1.0,0.0,0
-0.14285714285714285,0.0,0.699987194531445,-0.42415438887736057,0.0,0.8571428571428571,-0.6164399222590603,0.48200385716509325,0.8571428571428569,-0.6164399222590604,1.0,0.0,0.0,0.0,0.0,1.0,0.0,0.0,0.0,0.0,1.0,0.0,1.0,0.0,0.0,0.0,1.0,0.0,0.0,0
0.0,0.9457076653841864,-0.40060782244779164,0.32537870927578366,0.0,-0.7142857142857143,0.2945009717617468,-0.49511653814633316,-0.7142857142857142,0.2945009717617468,0.0,1.0,0.0,1.0,0.0,0.0,0.0,1.0,0.0,0.0,0.0,1.0,0.0,0.0,0.0,0.0,0.0,0.0,1.0,0
-0.7857142857142857,0.008166670602521844,-0.3841023724028025,-0.4855779207304419,-0.5,0.5714285714285714,0.2565451011775466,-0.2676447966294539,0.5714285714285707,0.2565451011775466,0.0,1.0,0.0,0.0,0.0,1.0,0.0,0.0,0.0,0.0,1.0,1.0,0.0,0.0,0.0,0.0,1.0,0.0,0.0,0
0.0,0.6078128033125382,-0.3404925437787,-1.4135712803486198,0.5,0.14285714285714285,-0.19572424831370744,-0.41019672460548484,0.14285714285714232,-0.19572424831370763,0.0,1.0,0.0,0.0,1.0,0.0,0.0,1.0,0.0,0.0,0.0,0.0,1.0,0.0,0.0,1.0,0.0,0.0,0.0,0
-0.21428571428571427,2.1796679431389565,0.49072490533301566,-0.9113924050632906,0.0,0.8571428571428571,-0.9068251972104721,-0.36245485910344066,0.8571428571428569,-0.9068251972104723,0.0,1.0,0.0,1.0,0.0,0.0,0.0,0.0,0.0,0.0,1.0,1.0,0.0,0.0,1.0,0.0,0.0,0.0,0.0,0
0.2857142857142857,0.3517513391242755,1.0851028566626977,0.03569205229300646,0.0,-0.14285714285714285,0.12667200182919872,0.4430653284433098,-0.14285714285714307,0.12667200182919863,0.0,1.0,0.0,0.0,0.0,0.0,1.0,0.0,0.0,0.0,1.0,1.0,0.0,0.0,0.0,1.0,0.0,0.0,0.0,0
-0.6428571428571429,0.28280229701326476,-0.24819886842432323,-0.7769246731687073,0.0,0.14285714285714285,0.9713044472390535,-0.2779103926168099,0.14285714285714232,0.9713044472390537,1.0,0.0,0.0,0.0,0.0,1.0,0.0,1.0,0.0,0.0,0.0,1.0,0.0,0.0,0.0,0.0,0.0,1.0,0.0,0
0.42857142857142855,-0.8375855227904838,0.917496923890286,-0.026561527287819423,0.5,-0.42857142857142855,0.4412941579970275,2.541324040596816,-0.4285714285714288,0.44129415799702754,1.0,0.0,0.0,0.0,1.0,0.0,0.0,0.0,1.0,0.0,0.0,1.0,0.0,0.0,0.0,0.0,0.0,0.0,1.0,1
1.2142857142857142,-1.0912041821591805,0.11569697143064815,-0.7370823822369781,0.5,0.42857142857142855,0.7120155481879502,2.6401293821602057,0.42857142857142844,0.7120155481879503,0.0,1.0,0.0,0.0,0.0,1.0,0.0,0.0,0.0,1.0,0.0,0.0,1.0,0.0,1.0,0.0,0.0,0.0,0.0,0
-0.07142857142857142,0.35889437190050155,-0.06856343348736475,-0.5312305457563808,0.5,0.8571428571428571,0.004572996455927811,-0.2014986513263872,0.8571428571428569,0.0045729964559277515,0.0,1.0,0.0,1.0,0.0,0.0,0.0,1.0,0.0,0.0,0.0,0.0,0.0,1.0,0.0,0.0,1.0,0.0,0.0,0
0.2857142857142857,-0.0708799660894025,-0.12709930910268563,0.6225357958082589,-0.5,-1.1428571428571428,0.7376243283411457,-0.049805164823883356,-1.1428571428571428,0.7376243283411457,0.0,1.0,0.0,1.0,0.0,0.0,0.0,0.0,0.0,0.0,1.0,1.0,0.0,0.0,0.0,1.0,0.0,0.0,0.0,0
0.5714285714285714,-0.3620472115611404,0.7204321514301263,0.1950612160199211,0.0,0.42857142857142855,0.5684234594718189,0.9273760449375322,0.42857142857142844,0.5684234594718188,1.0,0.0,0.0,0.0,0.0,0.0,1.0,0.0,0.0,0.0,1.0,1.0,0.0,0.0,0.0,0.0,0.0,1.0,0.0,0
-0.2857142857142857,0.21787906339376675,0.28765848384449655,0.014110811371654245,0.5,-0.14285714285714285,1.3563507488281699,0.06521935362577715,-0.14285714285714307,1.3563507488281703,0.0,1.0,0.0,0.0,1.0,0.0,0.0,0.0,0.0,1.0,0.0,1.0,0.0,0.0,0.0,0.0,0.0,1.0,0.0,0
0.14285714285714285,-0.043898736237603,3.6343763680730836,0.6407968458186348,-1.0,-0.8571428571428571,-0.3146221561678289,2.60457343961242,-0.8571428571428573,-0.314622156167829,1.0,0.0,0.0,0.0,1.0,0.0,0.0,0.0,0.0,0.0,1.0,1.0,0.0,0.0,0.0,0.0,1.0,0.0,0.0,0
0.0,1.2830046921364784,-0.47539032749265014,0.0,0.5,-0.14285714285714285,0.821767463130216,-0.5646446587556458,-0.14285714285714307,0.8217674631302161,0.0,1.0,0.0,0.0,0.0,0.0,1.0,1.0,0.0,0.0,0.0,1.0,0.0,0.0,1.0,0.0,0.0,0.0,0.0,0
0.07142857142857142,0.0768397408750185,0.4720512305171721,1.041709898319153,-0.5,-0.2857142857142857,0.9246598833885903,0.2676994176754839,-0.28571428571428575,0.9246598833885905,0.0,0.0,1.0,0.0,0.0,0.0,1.0,0.0,0.0,1.0,0.0,1.0,0.0,0.0,0.0,0.0,1.0,0.0,0.0,0
-0.6428571428571429,-0.4963658828956027,-0.3165259970107361,-0.3037974683544305,-0.5,-1.1428571428571428,-0.1202698067908997,0.09450753530535771,-1.1428571428571428,-0.12026980679089971,1.0,0.0,0.0,0.0,1.0,0.0,0.0,0.0,0.0,0.0,1.0,1.0,0.0,0.0,1.0,0.0,0.0,0.0,0.0,0
0.0,1.081404059529519,-0.48295593786838126,-0.28221622743307734,-1.0,0.42857142857142855,1.631187835829427,-0.5460972377753276,0.42857142857142844,1.6311878358294272,0.0,1.0,0.0,0.0,0.0,1.0,0.0,0.0,1.0,0.0,0.0,1.0,0.0,0.0,0.0,0.0,0.0,1.0,0.0,1
0.35714285714285715,-0.16272436748785912,0.012393799819071929,-0.8972815936916373,0.0,0.2857142857142857,0.06173545215502465,0.11299576973503983,0.28571428571428537,0.06173545215502465,1.0,0.0,0.0,0.0,0.0,1.0,0.0,0.0,0.0,1.0,0.0,1.0,0.0,0.0,0.0,1.0,0.0,0.0,0.0,0
1.1428571428571428,0.5042848008280074,0.1268461036531975,0.0,0.5,-1.5714285714285714,-0.8629244312335657,-0.14772826204258788,-1.5714285714285712,-0.8629244312335659,0.0,1.0,0.0,0.0,0.0,0.0,1.0,1.0,0.0,0.0,0.0,1.0,0.0,0.0,0.0,0.0,0.0,1.0,0.0,0
0.7857142857142857,-0.33877528119566347,4.635871404084016,0.7013903299439717,0.0,1.2857142857142858,0.6955527609466103,4.386115251679208,1.2857142857142854,0.6955527609466104,1.0,0.0,0.0,0.0,0.0,1.0,0.0,0.0,0.0,0.0,1.0,1.0,0.0,0.0,0.0,1.0,0.0,0.0,0.0,0
0.0,-0.44226347666928867,-0.10912095147996327,0.93795393235111,1.0,0.7142857142857143,0.7527152166457072,0.2495010357430502,0.7142857142857139,0.7527152166457074,0.0,1.0,0.0,0.0,1.0,0.0,0.0,1.0,0.0,0.0,0.0,1.0,0.0,0.0,0.0,0.0,0.0,1.0,0.0,1
-0.5714285714285714,0.07517439077610992,-0.5894910503716376,0.6980701390329944,-0.5,0.14285714285714285,0.44358065622499154,-0.4268200176196362,0.14285714285714232,0.44358065622499165,1.0,0.0,0.0,1.0,0.0,0.0,0.0,0.0,0.0,0.0,1.0,0.0,0.0,1.0,0.0,0.0,0.0,0.0,1.0,0
0.7142857142857143,0.015233956478240544,0.2409046302114907,-1.2450715916165178,0.0,0.5714285714285714,0.0663084486109523,0.15566188160675495,0.5714285714285707,0.0663084486109524,1.0,0.0,0.0,1.0,0.0,0.0,0.0,0.0,0.0,0.0,1.0,1.0,0.0,0.0,0.0,0.0,0.0,1.0,0.0,1
0.14285714285714285,0.4538898822199924,-0.861463705724511,0.7852251504461507,-0.5,0.14285714285714285,-0.6502800960329256,-0.6507834546491414,0.14285714285714232,-0.6502800960329257,1.0,0.0,0.0,0.0,0.0,1.0,0.0,0.0,0.0,0.0,1.0,1.0,0.0,0.0,0.0,0.0,0.0,0.0,1.0,0
1.7142857142857142,-0.19959715277920637,-0.046045874791143845,-1.2766134052708025,0.0,1.2857142857142858,-0.9932548302275065,0.09384869865550727,1.2857142857142854,-0.9932548302275068,1.0,0.0,0.0,0.0,0.0,0.0,1.0,0.0,0.0,1.0,0.0,0.0,0.0,1.0,0.0,1.0,0.0,0.0,0.0,0
-0.6428571428571429,-0.940928092752066,0.03241095814226149,0.6540776094625436,1.0,-0.5714285714285714,0.16920086886932675,1.5180834743057448,-0.5714285714285715,0.1692008688693268,0.0,1.0,0.0,0.0,0.0,0.0,1.0,0.0,0.0,0.0,1.0,0.0,0.0,1.0,0.0,0.0,0.0,0.0,1.0,0
-0.6428571428571429,-0.31034526003798035,0.7770632471443665,-0.23905374559037101,-1.0,-0.5714285714285714,0.0196638847604893,0.8987999749827585,-0.5714285714285715,0.01966388476048918,0.0,1.0,0.0,0.0,0.0,0.0,1.0,1.0,0.0,0.0,0.0,1.0,0.0,0.0,0.0,0.0,1.0,0.0,0.0,0
-0.5,0.8189355595818837,1.003313918185945,0.516289686656983,0.5,0.8571428571428571,-0.9246598833885903,0.14657649868684103,0.8571428571428569,-0.9246598833885905,0.0,1.0,0.0,0.0,0.0,0.0,1.0,0.0,1.0,0.0,0.0,1.0,0.0,0.0,0.0,0.0,0.0,0.0,1.0,0
-1.4285714285714286,-0.2197122141059022,-0.30255221610610294,-0.919692882340734,-0.5,0.8571428571428571,0.527723791014062,-0.09865394227643941,0.8571428571428569,0.5277237910140621,0.0,1.0,0.0,0.0,0.0,0.0,1.0,1.0,0.0,0.0,0.0,1.0,0.0,0.0,0.0,0.0,0.0,1.0,0.0,0
-0.42857142857142855,-0.1837904702272798,-0.08658140005038648,0.8466486822992321,0.0,-0.42857142857142855,0.6013490339544987,0.050635660970327505,-0.4285714285714288,0.6013490339544988,1.0,0.0,0.0,0.0,0.0,1.0,0.0,1.0,0.0,0.0,0.0,1.0,0.0,0.0,1.0,0.0,0.0,0.0,0.0,0
-0.5714285714285714,1.0760652146198577,-0.43600673701556697,-1.0126582278481011,-0.5,-0.2857142857142857,-0.06768034754773067,-0.526753227372097,-0.28571428571428575,-0.06768034754773082,0.0,1.0,0.0,1.0,0.0,0.0,0.0,0.0,0.0,1.0,0.0,1.0,0.0,0.0,0.0,0.0,0.0,0.0,1.0,1
0.14285714285714285,0.0,-0.588692265488047,-0.45071591616517903,0.0,-0.42857142857142855,-0.19023665256659428,-0.4053787651715575,-0.4285714285714288,-0.19023665256659442,0.0,0.0,1.0,1.0,0.0,0.0,0.0,0.0,0.0,0.0,1.0,0.0,1.0,0.0,0.0,0.0,0.0,1.0,0.0,1
0.2857142857142857,-0.8460067608503158,0.2735551137175362,-0.6831292799335956,0.5,-0.5714285714285714,0.034754773065050946,1.5533824399995138,-0.5714285714285715,0.03475477306505086,1.0,0.0,0.0,0.0,0.0,1.0,0.0,0.0,0.0,0.0,1.0,0.0,1.0,0.0,0.0,0.0,0.0,1.0,0.0,0
1.5,-0.12106370742285076,-0.6413253630364787,-1.2168499688732102,0.5,-0.42857142857142855,-0.17514576426203263,-0.40630250305215926,-0.4285714285714288,-0.17514576426203274,1.0,0.0,0.0,0.0,0.0,0.0,1.0,0.0,0.0,0.0,1.0,1.0,0.0,0.0,0.0,1.0,0.0,0.0,0.0,0
0.7142857142857143,-0.3430223539285012,-0.2523609725679392,0.08715501141315624,-0.5,1.0,0.24282611180976346,0.02640160042958646,0.9999999999999992,0.24282611180976357,0.0,1.0,0.0,0.0,0.0,1.0,0.0,1.0,0.0,0.0,0.0,1.0,0.0,0.0,0.0,0.0,0.0,0.0,1.0,0
-0.42857142857142855,-0.6084435497271877,-0.5364447151437661,1.2948744552811784,-0.5,1.0,-0.4165999771350177,-0.04266506142432643,0.9999999999999992,-0.41659997713501773,1.0,0.0,0.0,1.0,0.0,0.0,0.0,1.0,0.0,0.0,0.0,0.0,1.0,0.0,0.0,0.0,1.0,0.0,0.0,0
-0.7142857142857143,-0.1320629362093393,0.5043849250767923,1.4318323303589953,0.5,0.42857142857142855,-0.3557791242711786,0.46329784800069124,0.42857142857142844,-0.3557791242711787,1.0,0.0,0.0,0.0,1.0,0.0,0.0,0.0,0.0,0.0,1.0,1.0,0.0,0.0,0.0,0.0,1.0,0.0,0.0,0
0.35714285714285715,0.4663687851971843,2.432331844857892,0.0896451545963889,1.5,0.14285714285714285,-0.4518120498456613,1.0733949516891432,0.14285714285714232,-0.4518120498456615,0.0,1.0,0.0,0.0,0.0,1.0,0.0,0.0,0.0,0.0,1.0,1.0,0.0,0.0,0.0,0.0,0.0,1.0,0.0,0
-1.0714285714285714,-0.00287663795827133,-0.6509366829688377,0.8084664868229919,-0.5,-1.1428571428571428,1.5694523836744028,-0.44748083076059375,-1.1428571428571428,1.5694523836744028,1.0,0.0,0.0,0.0,0.0,0.0,1.0,1.0,0.0,0.0,0.0,0.0,1.0,0.0,0.0,0.0,0.0,1.0,0.0,1
1.4285714285714286,0.27827184271298083,-0.8107296077592566,0.0,0.5,0.0,-0.4298616668572081,-0.6026123617140516,0.0,-0.4298616668572083,1.0,0.0,0.0,1.0,0.0,0.0,0.0,1.0,0.0,0.0,0.0,0.0,1.0,0.0,1.0,0.0,0.0,0.0,0.0,0
0.9285714285714286,2.5497942066101364,-0.06897799238232537,0.37269142975721076,-0.5,-0.7142857142857143,0.300445867154453,-0.5478900541341056,-0.7142857142857142,0.30044586715445293,0.0,1.0,0.0,1.0,0.0,0.0,0.0,0.0,0.0,0.0,1.0,0.0,1.0,0.0,0.0,0.0,0.0,1.0,0.0,0
-0.35714285714285715,-0.25092699528737855,0.032165267106047474,-0.220792695579996,-0.5,-0.2857142857142857,-0.25060020578484055,0.1975449666546705,-0.28571428571428575,-0.25060020578484066,0.0,1.0,0.0,1.0,0.0,0.0,0.0,0.0,1.0,0.0,0.0,0.0,0.0,1.0,0.0,0.0,1.0,0.0,0.0,1
-1.3571428571428572,0.2507583022615434,0.19408961531000338,0.15853911599917012,0.0,0.5714285714285714,-0.8921916085515033,-0.007039675202978142,0.5714285714285707,-0.8921916085515036,0.0,1.0,0.0,1.0,0.0,0.0,0.0,0.0,1.0,0.0,0.0,1.0,0.0,0.0,0.0,0.0,0.0,0.0,1.0,0
1.0714285714285714,-0.35860939480748233,-0.27055391761149117,0.40008300477277475,-1.0,0.0,0.2908425745970047,0.021875662437431203,0.0,0.2908425745970047,0.0,1.0,0.0,0.0,0.0,0.0,1.0,0.0,0.0,0.0,1.0,0.0,1.0,0.0,0.0,0.0,0.0,1.0,0.0,0
-0.07142857142857142,-0.5488574302777466,-0.12004233917712229,-0.38763228885660955,0.0,-0.2857142857142857,-0.043900765976906404,0.3617975242313119,-0.28571428571428575,-0.04390076597690636,0.0,1.0,0.0,0.0,1.0,0.0,0.0,0.0,0.0,0.0,1.0,1.0,0.0,0.0,0.0,0.0,1.0,0.0,0.0,0
1.0,-0.4044446528843861,0.32602572928223794,-0.03403195683751834,0.0,0.14285714285714285,-0.6886932662627187,0.6233655750387599,0.14285714285714232,-0.6886932662627188,0.0,1.0,0.0,1.0,0.0,0.0,0.0,1.0,0.0,0.0,0.0,1.0,0.0,0.0,0.0,0.0,0.0,1.0,0.0,0
-1.2857142857142858,-0.3396229650026265,1.0941723956555767,-0.02075119319360863,-0.5,-0.14285714285714285,0.01646278724133986,1.2265499021672637,-0.14285714285714307,0.016462787241339854,0.0,1.0,0.0,0.0,0.0,1.0,0.0,0.0,1.0,0.0,0.0,1.0,0.0,0.0,0.0,0.0,1.0,0.0,0.0,0
-0.5,0.3298544543318429,-0.8349257707745985,0.6034446980701393,1.0,-0.14285714285714285,1.9357493997942155,-0.6229648796492778,-0.14285714285714307,1.9357493997942157,0.0,1.0,0.0,0.0,1.0,0.0,0.0,1.0,0.0,0.0,0.0,1.0,0.0,0.0,0.0,0.0,0.0,1.0,0.0,1
0.0,3.9313612335273223,-0.22551882774437257,-0.7312720481427682,1.5,0.8571428571428571,-0.5862581456499372,-0.6516590376324645,0.8571428571428569,-0.5862581456499373,1.0,0.0,0.0,1.0,0.0,0.0,0.0,0.0,0.0,1.0,0.0,1.0,0.0,0.0,1.0,0.0,0.0,0.0,0.0,0
0.07142857142857142,-0.4794718361442831,0.1899854244467138,-0.01577090682714237,0.0,0.0,0.9379215731107807,0.5942737083960814,0.0,0.9379215731107808,1.0,0.0,0.0,0.0,1.0,0.0,0.0,0.0,0.0,0.0,1.0,1.0,0.0,0.0,0.0,1.0,0.0,0.0,0.0,0
-0.35714285714285715,-0.2998868062495087,-0.5041241226380598,1.3695787507781696,-0.5,0.5714285714285714,1.1112381387904426,-0.2224739316891015,0.5714285714285707,1.1112381387904426,1.0,0.0,0.0,0.0,0.0,1.0,0.0,1.0,0.0,0.0,0.0,0.0,1.0,0.0,0.0,1.0,0.0,0.0,0.0,0
0.5,-0.04604893681105545,2.281637828580365,0.8416683959327658,0.0,0.42857142857142855,0.36583971647421976,1.6483755652743763,0.42857142857142844,0.36583971647421987,0.0,1.0,0.0,1.0,0.0,0.0,0.0,1.0,0.0,0.0,0.0,1.0,0.0,0.0,0.0,0.0,1.0,0.0,0.0,1
-0.8571428571428571,0.3664282543564963,-0.3721926879707944,0.9728159369163729,0.5,-1.0,0.4600434434663314,-0.37174144655320623,-1.0,0.4600434434663315,0.0,1.0,0.0,0.0,0.0,1.0,0.0,0.0,0.0,0.0,1.0,1.0,0.0,0.0,0.0,0.0,0.0,1.0,0.0,0
-0.14285714285714285,0.2367076713809286,-0.009867222863535413,0.03818219547624006,-1.0,0.5714285714285714,-0.6832056705156053,-0.12135117667019596,0.5714285714285707,-0.6832056705156055,0.0,1.0,0.0,0.0,0.0,0.0,1.0,1.0,0.0,0.0,0.0,0.0,0.0,1.0,1.0,0.0,0.0,0.0,0.0,0
0.07142857142857142,1.5312984347224816,0.5109489715118204,0.24735422286781447,-0.5,-0.8571428571428571,0.7943294843946495,-0.25311981894165114,-0.8571428571428573,0.7943294843946496,0.0,1.0,0.0,1.0,0.0,0.0,0.0,1.0,0.0,0.0,0.0,1.0,0.0,0.0,0.0,1.0,0.0,0.0,0.0,0
0.42857142857142855,-1.0910528246539095,-0.3494955815903674,0.7279518572317911,1.5,-0.5714285714285714,-0.19572424831370744,1.4259648671508378,-0.5714285714285715,-0.19572424831370763,0.0,1.0,0.0,1.0,0.0,0.0,0.0,1.0,0.0,0.0,0.0,1.0,0.0,0.0,0.0,0.0,1.0,0.0,0.0,1
0.0,-1.0824605678868986,-0.809150782737276,1.1213944801826106,0.5,-0.14285714285714285,0.5441865782554018,0.20468487722694542,-0.14285714285714307,0.544186578255402,1.0,0.0,0.0,1.0,0.0,0.0,0.0,1.0,0.0,0.0,0.0,1.0,0.0,0.0,0.0,0.0,0.0,1.0,0.0,0
-0.8571428571428571,-0.350334945100365,-0.26045589491167354,-1.3562979871342598,-1.0,1.0,-0.14816508517205892,0.024690714080766663,0.9999999999999992,-0.14816508517205895,0.0,1.0,0.0,1.0,0.0,0.0,0.0,1.0,0.0,0.0,0.0,1.0,0.0,0.0,1.0,0.0,0.0,0.0,0.0,0
-1.2142857142857142,1.2370275674976106,1.0789743434190224,-0.9072421664245689,1.0,-0.14285714285714285,0.07133874471247295,0.02349033473377069,-0.14285714285714307,0.07133874471247288,1.0,0.0,0.0,0.0,0.0,0.0,1.0,0.0,0.0,0.0,1.0,1.0,0.0,0.0,0.0,0.0,0.0,1.0,0.0,0
1.0,-0.8539559396829944,-0.20624837639299723,0.9445943141730644,0.0,-0.5714285714285714,-0.005944895392706025,0.80446735978262,-0.5714285714285715,-0.005944895392705925,1.0,0.0,0.0,1.0,0.0,0.0,0.0,1.0,0.0,0.0,0.0,1.0,0.0,0.0,0.0,1.0,0.0,0.0,0.0,0
0.2857142857142857,0.0,-0.4728051766490268,-0.17431002282631247,0.0,1.4285714285714286,-0.6850348690979764,-0.3255791004920455,1.4285714285714277,-0.6850348690979765,0.0,1.0,0.0,0.0,1.0,0.0,0.0,0.0,0.0,0.0,1.0,1.0,0.0,0.0,0.0,0.0,0.0,1.0,0.0,0
-0.5714285714285714,0.55367491692433,0.9403116459773838,-0.4532060593484126,-0.5,-0.7142857142857143,1.307419686749743,0.24335546743254252,-0.7142857142857142,1.3074196867497432,0.0,1.0,0.0,1.0,0.0,0.0,0.0,1.0,0.0,0.0,0.0,1.0,0.0,0.0,1.0,0.0,0.0,0.0,0.0,0
0.0,0.21799788948474488,-0.20252554888470928,-0.8640796845818635,1.0,0.0,-0.0027437978735565896,-0.22911618216614016,0.0,-0.0027437978735566004,1.0,0.0,0.0,0.0,0.0,0.0,1.0,0.0,0.0,0.0,1.0,1.0,0.0,0.0,0.0,0.0,0.0,1.0,0.0,1
0.07142857142857142,-0.6660598982069557,-0.3061661534352219,0.0,-0.5,-0.8571428571428571,0.6265005144621014,0.3014196041136532,-0.8571428571428573,0.6265005144621014,0.0,1.0,0.0,1.0,0.0,0.0,0.0,1.0,0.0,0.0,0.0,1.0,0.0,0.0,0.0,0.0,0.0,0.0,1.0,1
0.9285714285714286,-0.6176710149718913,0.1366495778678565,-0.9686656982776511,-0.5,0.42857142857142855,0.24419801074654182,0.7602932443989452,0.42857142857142844,0.24419801074654174,0.0,1.0,0.0,0.0,1.0,0.0,0.0,0.0,0.0,0.0,1.0,0.0,1.0,0.0,0.0,0.0,0.0,0.0,1.0,0
0.0,-0.6101235570271228,0.7487142284940538,1.4318323303589953,0.5,-0.14285714285714285,-0.8295415571052933,1.46264173828881,-0.14285714285714307,-0.8295415571052934,0.0,1.0,0.0,0.0,0.0,0.0,1.0,0.0,0.0,1.0,0.0,0.0,1.0,0.0,0.0,0.0,0.0,1.0,0.0,0
1.6428571428571428,0.09793045256819209,3.9526784090475964,0.00498028636646626,0.0,1.0,-0.9296901794901108,2.501189092259658,0.9999999999999992,-0.929690179490111,0.0,1.0,0.0,0.0,0.0,0.0,1.0,0.0,0.0,0.0,1.0,1.0,0.0,0.0,0.0,0.0,1.0,0.0,0.0,0
1.3571428571428572,-0.42872244043100194,0.8165183208861871,-0.019921145465864095,0.0,-1.0,-1.0709957699782782,1.1321934743093138,-1.0,-1.0709957699782784,1.0,0.0,0.0,0.0,1.0,0.0,0.0,0.0,0.0,1.0,0.0,1.0,0.0,0.0,0.0,0.0,0.0,1.0,0.0,0
-0.21428571428571427,0.46911308918272004,1.2659221282315773,0.4357750570657812,-0.5,0.5714285714285714,-0.5025723105064593,0.4605671646372295,0.5714285714285707,-0.5025723105064595,0.0,1.0,0.0,0.0,1.0,0.0,0.0,1.0,0.0,0.0,0.0,0.0,1.0,0.0,0.0,1.0,0.0,0.0,0.0,1
0.7857142857142857,-1.0912041821591805,-0.3038678990368663,0.6997302344884826,0.0,-0.14285714285714285,-0.3086772607751229,1.54584411426264,-0.14285714285714307,-0.308677260775123,0.0,1.0,0.0,0.0,1.0,0.0,0.0,1.0,0.0,0.0,0.0,1.0,0.0,0.0,1.0,0.0,0.0,0.0,0.0,0
0.5,-0.5542305384230175,-0.5488852529618848,0.6881095663000619,0.0,-0.42857142857142855,-0.2830684806219274,-0.10283707236057676,-0.4285714285714288,-0.2830684806219275,0.0,1.0,0.0,0.0,1.0,0.0,0.0,1.0,0.0,0.0,0.0,1.0,0.0,0.0,0.0,0.0,1.0,0.0,0.0,0
1.0714285714285714,-0.6820014161912027,0.06764458314332553,0.7785847686241953,-0.5,0.14285714285714285,0.6749742768949353,0.8007890726868543,0.14285714285714232,0.6749742768949354,0.0,1.0,0.0,0.0,1.0,0.0,0.0,0.0,0.0,0.0,1.0,1.0,0.0,0.0,0.0,0.0,1.0,0.0,0.0,0
-0.7857142857142857,-0.1908842580531938,0.1027072483610684,-0.42415438887736057,0.0,-0.14285714285714285,-0.23322281925231497,0.20512507314456244,-0.14285714285714307,-0.23322281925231508,0.0,1.0,0.0,0.0,0.0,0.0,1.0,0.0,0.0,1.0,0.0,0.0,0.0,1.0,0.0,1.0,0.0,0.0,0.0,0
0.5714285714285714,0.0,-0.5696962140851388,-0.18925088192571032,-0.5,-1.0,-1.1057505430433292,-0.3922981144504701,-1.0,-1.1057505430433294,0.0,1.0,0.0,0.0,0.0,0.0,1.0,0.0,0.0,1.0,0.0,0.0,1.0,0.0,0.0,1.0,0.0,0.0,0.0,0
0.8571428571428571,4.722118521007558,-0.10321525572879905,0.5636024071384101,0.5,0.2857142857142857,-0.3443466331313592,-0.6553915892017825,0.28571428571428537,-0.34434663313135927,1.0,0.0,0.0,1.0,0.0,0.0,0.0,0.0,0.0,0.0,1.0,1.0,0.0,0.0,0.0,0.0,0.0,1.0,0.0,0
-1.3571428571428572,-0.9477309540675701,0.35577914498046787,-0.3511101888358576,-1.0,0.8571428571428571,-1.0623070767120155,2.165239331150503,0.8571428571428569,-1.0623070767120157,0.0,1.0,0.0,1.0,0.0,0.0,0.0,0.0,1.0,0.0,0.0,0.0,1.0,0.0,1.0,0.0,0.0,0.0,0.0,0
-0.9285714285714286,0.04238596165196209,0.31944563558369776,0.017431002282631437,-0.5,-0.14285714285714285,0.6251286155253231,0.19053542852370328,-0.14285714285714307,0.6251286155253231,0.0,1.0,0.0,0.0,0.0,1.0,0.0,0.0,0.0,0.0,1.0,1.0,0.0,0.0,0.0,0.0,1.0,0.0,0.0,0
-1.4285714285714286,0.5393417157604589,0.4580998277004216,0.30213737289894144,0.0,0.42857142857142855,1.7349948553789873,0.007546874186303941,0.42857142857142844,1.7349948553789878,0.0,0.0,1.0,1.0,0.0,0.0,0.0,0.0,0.0,0.0,1.0,0.0,1.0,0.0,1.0,0.0,0.0,0.0,0.0,0
-0.21428571428571427,2.6468426715715463,0.25670763400461105,0.5743930275990872,0.5,0.0,0.1285012004115698,-0.4742074977004575,0.0,0.12850120041156976,1.0,0.0,0.0,1.0,0.0,0.0,0.0,0.0,0.0,1.0,0.0,1.0,0.0,0.0,0.0,0.0,0.0,1.0,0.0,0
0.5714285714285714,-0.3415120402382354,-0.3044396275281502,-1.233450923428097,0.5,0.14285714285714285,0.550131473648108,-0.021337158046078816,0.14285714285714232,0.5501314736481081,1.0,0.0,0.0,0.0,1.0,0.0,0.0,0.0,0.0,0.0,1.0,1.0,0.0,0.0,0.0,1.0,0.0,0.0,0.0,0
1.2142857142857142,0.29528057800591134,-0.3082103490990656,0.5254202116621701,-1.0,0.2857142857142857,-0.3722419115125186,-0.3163080463222524,0.28571428571428537,-0.3722419115125187,0.0,1.0,0.0,0.0,1.0,0.0,0.0,1.0,0.0,0.0,0.0,0.0,1.0,0.0,0.0,1.0,0.0,0.0,0.0,0
0.07142857142857142,-0.9311586085402548,-0.6149057044009971,-0.14442830462751588,-0.5,0.2857142857142857,-0.08734423230821997,0.27798657561709567,0.28571428571428537,-0.08734423230822001,1.0,0.0,0.0,1.0,0.0,0.0,0.0,1.0,0.0,0.0,0.0,1.0,0.0,0.0,0.0,0.0,0.0,1.0,0.0,1
1.2857142857142858,-1.0835653746963692,2.3960336504509785,0.5196098775679603,0.0,0.42857142857142855,-0.379558705842003,8.407145302259273,0.42857142857142844,-0.37955870584200313,1.0,0.0,0.0,0.0,0.0,1.0,0.0,0.0,0.0,0.0,1.0,1.0,0.0,0.0,0.0,1.0,0.0,0.0,0.0,1
-1.0714285714285714,0.8843516753894028,0.030480331962556173,0.5685826935048764,-1.0,-0.5714285714285714,1.5209786212415686,-0.300266581268832,-0.5714285714285715,1.5209786212415688,0.0,1.0,0.0,0.0,1.0,0.0,0.0,0.0,0.0,1.0,0.0,0.0,0.0,1.0,1.0,0.0,0.0,0.0,0.0,0
-1.3571428571428572,0.00016081004779246064,-0.13588123599188978,1.1554264370201288,0.0,0.14285714285714285,0.2977020692808962,-0.09365463705069563,0.14285714285714232,0.2977020692808963,0.0,1.0,0.0,1.0,0.0,0.0,0.0,0.0,0.0,0.0,1.0,1.0,0.0,0.0,0.0,0.0,0.0,0.0,1.0,0
-0.07142857142857142,1.3612610839420676,-0.5087431746745941,0.0,0.5,-0.2857142857142857,-1.1382188178804162,-0.5841636350255706,-0.28571428571428575,-1.1382188178804162,1.0,0.0,0.0,1.0,0.0,0.0,0.0,0.0,0.0,0.0,1.0,1.0,0.0,0.0,0.0,0.0,1.0,0.0,0.0,0
0.2857142857142857,-0.783839297366234,4.635871404084016,0.9711558414608839,0.0,-1.2857142857142858,-0.1646278724133988,7.713825256020331,-1.2857142857142858,-0.1646278724133988,0.0,1.0,0.0,0.0,0.0,0.0,1.0,0.0,0.0,0.0,1.0,1.0,0.0,0.0,0.0,1.0,0.0,0.0,0.0,1
0.0,0.49704768612858774,-0.5676757177246987,1.0392197551359206,1.0,-0.5714285714285714,-0.08642963301703444,-0.5033738914515142,-0.5714285714285715,-0.08642963301703456,0.0,1.0,0.0,0.0,0.0,1.0,0.0,0.0,1.0,0.0,0.0,0.0,1.0,0.0,0.0,0.0,0.0,1.0,0.0,1
-1.4285714285714286,2.6745770976650203,-0.2605670146420338,0.22660302967420584,0.0,0.42857142857142855,0.34206013490339565,-0.6036749173312393,0.42857142857142844,0.34206013490339565,0.0,1.0,0.0,0.0,0.0,0.0,1.0,1.0,0.0,0.0,0.0,0.0,1.0,0.0,1.0,0.0,0.0,0.0,0.0,0
-0.07142857142857142,0.3909018318208822,0.37145723885623,0.043162481842706324,0.0,1.0,0.018291985823711086,0.027392434897719416,0.9999999999999992,0.018291985823711006,0.0,1.0,0.0,0.0,0.0,1.0,0.0,1.0,0.0,0.0,0.0,1.0,0.0,0.0,0.0,0.0,0.0,1.0,0.0,0
0.0,0.2490743737546914,0.5574096254005118,0.6366466071799131,-1.0,-0.42857142857142855,-0.10609351777752374,0.2079671169058709,-0.4285714285714288,-0.10609351777752374,1.0,0.0,0.0,0.0,1.0,0.0,0.0,0.0,0.0,0.0,1.0,0.0,1.0,0.0,0.0,0.0,0.0,0.0,1.0,1
0.5,0.011718175313956846,0.9824984979603083,0.5370408798505917,-1.0,0.8571428571428571,0.2730078884188864,0.6646576508067942,0.8571428571428569,0.2730078884188864,1.0,0.0,0.0,0.0,0.0,1.0,0.0,0.0,0.0,0.0,1.0,1.0,0.0,0.0,0.0,1.0,0.0,0.0,0.0,0
0.2857142857142857,-0.855762967044223,2.445889608025427,-0.19755135920315375,0.0,0.14285714285714285,0.35120612781525096,5.128477921906881,0.14285714285714232,0.3512061278152509,1.0,0.0,0.0,1.0,0.0,0.0,0.0,1.0,0.0,0.0,0.0,0.0,1.0,0.0,0.0,1.0,0.0,0.0,0.0,0
-0.7142857142857143,1.6521439202197188,0.45998148632988883,0.30628761153766315,-0.5,1.0,0.33337144163713267,-0.29229897578062686,0.9999999999999992,0.3333714416371326,0.0,1.0,0.0,1.0,0.0,0.0,0.0,1.0,0.0,0.0,0.0,1.0,0.0,0.0,0.0,0.0,0.0,0.0,1.0,0
-0.42857142857142855,-0.4197240547986502,-0.5608892391516869,-0.004150238638721725,-0.5,0.0,0.2995312678632676,-0.20750506067368812,0.0,0.2995312678632677,0.0,1.0,0.0,0.0,0.0,1.0,0.0,1.0,0.0,0.0,0.0,1.0,0.0,0.0,0.0,0.0,0.0,1.0,0.0,1
-0.8571428571428571,0.4803300396029054,-0.15652211814216968,-0.5818634571487862,0.5,-0.7142857142857143,-0.714302046415914,-0.2866747925250803,-0.7142857142857142,-0.7143020464159142,0.0,1.0,0.0,0.0,0.0,1.0,0.0,0.0,0.0,0.0,1.0,0.0,0.0,1.0,0.0,0.0,1.0,0.0,0.0,0
-0.07142857142857142,-0.8530514930255622,0.27171031149603314,0.9313135505291557,0.0,0.7142857142857143,0.6411341031210702,1.5771581705731614,0.7142857142857139,0.6411341031210704,0.0,1.0,0.0,0.0,0.0,1.0,0.0,1.0,0.0,0.0,0.0,1.0,0.0,0.0,0.0,0.0,1.0,0.0,0.0,1
0.7857142857142857,-0.705176993037755,3.0660703479690135,0.059763436397593225,1.0,-0.8571428571428571,-0.08642963301703444,4.787088312479561,-0.8571428571428573,-0.08642963301703456,0.0,1.0,0.0,0.0,0.0,0.0,1.0,0.0,0.0,0.0,1.0,1.0,0.0,0.0,0.0,0.0,0.0,1.0,0.0,1
-0.7857142857142857,1.7922797696220623,-0.6827574706531712,1.4318323303589953,0.5,-1.1428571428571428,0.39556419343775,-0.6719323195316235,-1.1428571428571428,0.39556419343775,1.0,0.0,0.0,0.0,0.0,1.0,0.0,1.0,0.0,0.0,0.0,1.0,0.0,0.0,0.0,1.0,0.0,0.0,0.0,0
0.42857142857142855,-0.25391998491984946,1.330443385409158,-1.1263747665490766,0.0,-0.42857142857142855,-0.015548187950154332,1.2788070464949672,-0.4285714285714288,-0.015548187950154406,0.0,1.0,0.0,0.0,1.0,0.0,0.0,1.0,0.0,0.0,0.0,0.0,0.0,1.0,0.0,0.0,1.0,0.0,0.0,0
0.0,1.8252047649181353,0.16163695630286795,-0.3718613820294662,-0.5,0.42857142857142855,0.23825311535383564,-0.4129760961944762,0.42857142857142844,0.23825311535383556,1.0,0.0,0.0,0.0,0.0,0.0,1.0,1.0,0.0,0.0,0.0,1.0,0.0,0.0,1.0,0.0,0.0,0.0,0.0,0
-0.6428571428571429,-0.05793652178521491,0.8294935105850387,0.04399252957044991,-0.5,0.0,0.5693380587630046,0.628521261584367,0.0,0.5693380587630046,0.0,1.0,0.0,0.0,0.0,0.0,1.0,0.0,0.0,1.0,0.0,1.0,0.0,0.0,0.0,0.0,0.0,1.0,0.0,1
-0.07142857142857142,-0.9425755945988024,-0.05308423759812316,0.8234073459223907,0.0,-1.0,-0.7847261918372012,1.3636545397138005,-1.0,-0.7847261918372014,0.0,1.0,0.0,0.0,0.0,1.0,0.0,1.0,0.0,0.0,0.0,1.0,0.0,0.0,0.0,0.0,0.0,0.0,1.0,0
-0.7857142857142857,0.9467281797663519,-0.4710133331496478,0.30296742062668597,1.5,0.7142857142857143,-0.353035326397622,-0.524848986390561,0.7142857142857139,-0.3530353263976221,0.0,1.0,0.0,0.0,1.0,0.0,0.0,0.0,0.0,1.0,0.0,1.0,0.0,0.0,0.0,0.0,0.0,1.0,0.0,0
-0.42857142857142855,-0.407396564494054,0.7253952700085242,0.23988379331811555,1.0,-0.8571428571428571,-0.44906825197210476,1.0065800107097678,-0.8571428571428573,-0.44906825197210487,0.0,0.0,1.0,0.0,0.0,0.0,1.0,0.0,0.0,0.0,1.0,1.0,0.0,0.0,0.0,0.0,0.0,1.0,0.0,0
-0.9285714285714286,0.7016095871562028,0.6161213327813865,-0.7744345299854737,-0.5,-1.0,-0.988224534125986,0.018529389662022486,-1.0,-0.9882245341259863,1.0,0.0,0.0,1.0,0.0,0.0,0.0,0.0,0.0,0.0,1.0,0.0,1.0,0.0,0.0,0.0,0.0,1.0,0.0,1
1.5714285714285714,0.025469712756652316,1.0012285171130477,-0.7951857231790823,-1.0,-0.7142857142857143,0.25791700011432495,0.6636277941435809,-0.7142857142857142,0.257917000114325,1.0,0.0,0.0,0.0,0.0,0.0,1.0,1.0,0.0,0.0,0.0,0.0,0.0,1.0,0.0,0.0,0.0,1.0,0.0,1
0.0,-0.8461170414144961,0.010595377767412373,0.248184270595559,-1.0,0.7142857142857143,-0.8030181776609122,1.1320302164137863,0.7142857142857139,-0.8030181776609124,0.0,1.0,0.0,0.0,0.0,1.0,0.0,0.0,0.0,0.0,1.0,1.0,0.0,0.0,0.0,0.0,0.0,1.0,0.0,0
-0.5714285714285714,0.14536239905875337,-0.35393398492976164,-0.9412741232620873,1.5,-1.1428571428571428,1.3362295644220876,-0.29686258388816894,-1.1428571428571428,1.3362295644220878,0.0,1.0,0.0,0.0,1.0,0.0,0.0,0.0,0.0,0.0,1.0,1.0,0.0,0.0,0.0,0.0,0.0,0.0,1.0,0
0.14285714285714285,3.494817756601397,-0.7320557101259204,0.0,1.0,0.5714285714285714,1.505887732937007,-0.7391394370731136,0.5714285714285707,1.5058877329370075,1.0,0.0,0.0,0.0,0.0,1.0,0.0,0.0,1.0,0.0,0.0,1.0,0.0,0.0,0.0,1.0,0.0,0.0,0.0,0
-0.07142857142857142,0.0,0.8069417654372183,0.3743515252126999,0.0,0.7142857142857143,-0.659426088944781,0.555652604231971,0.7142857142857139,-0.6594260889447812,0.0,1.0,0.0,1.0,0.0,0.0,0.0,0.0,0.0,0.0,1.0,1.0,0.0,0.0,0.0,0.0,0.0,1.0,0.0,0
-0.14285714285714285,-0.04161321346131682,0.3791563745755279,-0.6723386594729196,0.0,-0.7142857142857143,0.18291985823710988,0.29284332232579297,-0.7142857142857142,0.18291985823710982,1.0,0.0,0.0,1.0,0.0,0.0,0.0,1.0,0.0,0.0,0.0,0.0,0.0,1.0,0.0,0.0,0.0,1.0,0.0,0
0.0,1.204381599877166,-0.5243155437833724,1.1537663415646398,1.0,0.7142857142857143,0.342974734194581,-0.5752106265374621,0.7142857142857139,0.34297473419458113,0.0,1.0,0.0,1.0,0.0,0.0,0.0,0.0,0.0,0.0,1.0,1.0,0.0,0.0,1.0,0.0,0.0,0.0,0.0,0
0.5714285714285714,0.18741983117811517,2.504613013668725,0.8840008300477276,0.5,0.7142857142857143,0.3251400480164628,1.436981362371176,0.7142857142857139,0.32514004801646285,0.0,1.0,0.0,0.0,0.0,1.0,0.0,0.0,0.0,1.0,0.0,1.0,0.0,0.0,1.0,0.0,0.0,0.0,0.0,0
-0.42857142857142855,0.1863783315782439,-0.28210387359265,-1.0881925710728366,2.0,1.0,0.24556990968331988,-0.26624312686925794,0.9999999999999992,0.2455699096833199,0.0,1.0,0.0,0.0,0.0,0.0,1.0,1.0,0.0,0.0,0.0,0.0,1.0,0.0,0.0,0.0,0.0,1.0,0.0,0
-0.42857142857142855,-0.6666959720544506,-0.7094347938405235,-0.6374766549076567,-1.0,-1.2857142857142858,1.4180862009831943,-0.20227490035327725,-1.2857142857142858,1.4180862009831943,0.0,1.0,0.0,0.0,0.0,1.0,0.0,0.0,0.0,1.0,0.0,1.0,0.0,0.0,0.0,0.0,0.0,1.0,0.0,0
-0.21428571428571427,0.2088474691952519,-0.4598347763564382,-1.5920315418136541,0.5,0.2857142857142857,0.3338287412827257,-0.3811238928010473,0.28571428571428537,0.3338287412827259,1.0,0.0,0.0,0.0,1.0,0.0,0.0,0.0,0.0,0.0,1.0,0.0,1.0,0.0,0.0,0.0,0.0,1.0,0.0,1
-1.4285714285714286,1.1460570002998303,-0.5908670137605353,-0.5312305457563808,-0.5,0.42857142857142855,-0.4239167714645021,-0.5952086388854048,0.42857142857142844,-0.42391677146450224,0.0,1.0,0.0,0.0,0.0,0.0,1.0,1.0,0.0,0.0,0.0,1.0,0.0,0.0,0.0,0.0,0.0,1.0,0.0,0
-1.2142857142857142,-0.5435537410163036,-0.25111547921171623,0.5611122639551775,-0.5,-0.7142857142857143,0.279867383102778,0.21251895368916662,-0.7142857142857142,0.27986738310277803,0.0,1.0,0.0,1.0,0.0,0.0,0.0,1.0,0.0,0.0,0.0,0.0,1.0,0.0,0.0,0.0,0.0,1.0,0.0,0
0.0,1.7732575351416366,-0.4230301159999014,-0.27142560697240126,-0.5,-0.5714285714285714,-0.037498570938607534,-0.5895146967686743,-0.5714285714285715,-0.037498570938607464,0.0,1.0,0.0,0.0,0.0,1.0,0.0,1.0,0.0,0.0,0.0,0.0,0.0,1.0,0.0,1.0,0.0,0.0,0.0,0
1.2857142857142858,-0.06845668725771295,-0.7515520618060217,0.3461299024693923,1.5,-0.5714285714285714,-0.6928089630730535,-0.501969194543036,-0.5714285714285715,-0.6928089630730537,0.0,1.0,0.0,1.0,0.0,0.0,0.0,0.0,0.0,0.0,1.0,0.0,1.0,0.0,0.0,0.0,0.0,1.0,0.0,0
-0.21428571428571427,-0.5698846184188701,2.9503522646153573,-1.0533305665075738,2.0,0.14285714285714285,-0.7115582485423574,3.8237653944214656,0.14285714285714232,-0.7115582485423575,1.0,0.0,0.0,1.0,0.0,0.0,0.0,0.0,0.0,1.0,0.0,0.0,0.0,1.0,0.0,0.0,1.0,0.0,0.0,1
0.42857142857142855,1.0919542425170339,1.4080046268967539,0.5835235526042742,-0.5,0.7142857142857143,-0.083228535497885,0.20255740513968426,0.7142857142857139,-0.08322853549788498,1.0,0.0,0.0,0.0,1.0,0.0,0.0,1.0,0.0,0.0,0.0,1.0,0.0,0.0,0.0,0.0,0.0,1.0,0.0,0
0.21428571428571427,-0.21234045327380652,-0.4420368472282691,-0.37103133430172264,0.0,-0.14285714285714285,0.688235966617126,-0.2150534701668868,-0.14285714285714307,0.6882359666171262,1.0,0.0,0.0,0.0,0.0,0.0,1.0,1.0,0.0,0.0,0.0,1.0,0.0,0.0,0.0,0.0,0.0,0.0,1.0,0
2.4285714285714284,0.7759186486942249,0.240388805651929,0.02905167047105208,-1.0,0.0,-0.015548187950154332,-0.17952336609883285,0.0,-0.015548187950154406,1.0,0.0,0.0,0.0,1.0,0.0,0.0,1.0,0.0,0.0,0.0,1.0,0.0,0.0,0.0,0.0,0.0,0.0,1.0,0
0.8571428571428571,-0.2158042040787271,0.3730110158339632,-0.04482257729819445,-1.0,0.0,1.1606265005144623,0.44349863563312103,0.0,1.1606265005144625,0.0,1.0,0.0,0.0,1.0,0.0,0.0,1.0,0.0,0.0,0.0,1.0,0.0,0.0,0.0,0.0,1.0,0.0,0.0,0
-0.07142857142857142,-0.04344163168234595,1.3129325178781968,-0.8765304004980287,1.0,0.14285714285714285,0.7751228992797532,0.9566862717706689,0.14285714285714232,0.7751228992797534,1.0,0.0,0.0,0.0,1.0,0.0,0.0,1.0,0.0,0.0,0.0,1.0,0.0,0.0,0.0,1.0,0.0,0.0,0.0,1
-0.7857142857142857,0.46857244939873466,-0.46025448248686507,-0.7926955799958496,0.0,-0.7142857142857143,0.14496398765290966,-0.4422713491863986,-0.7142857142857142,0.14496398765290963,0.0,1.0,0.0,1.0,0.0,0.0,0.0,0.0,0.0,0.0,1.0,1.0,0.0,0.0,0.0,1.0,0.0,0.0,0.0,1
-1.2857142857142858,0.2627630366726887,1.1669916845378847,0.7038804731272043,-0.5,0.7142857142857143,0.8757288213101634,0.5563222672428353,0.7142857142857139,0.8757288213101637,0.0,1.0,0.0,0.0,1.0,0.0,0.0,0.0,0.0,0.0,1.0,1.0,0.0,0.0,0.0,1.0,0.0,0.0,0.0,1
0.14285714285714285,0.0,-0.3265884845181101,0.30213737289894144,0.0,1.4285714285714286,0.31645135475020014,-0.22489451932353594,1.4285714285714277,0.3164513547502003,1.0,0.0,0.0,0.0,1.0,0.0,0.0,1.0,0.0,0.0,0.0,1.0,0.0,0.0,1.0,0.0,0.0,0.0,0.0,0
-0.5714285714285714,-0.6798803677629656,-0.6624830331326378,0.7619838140693085,-1.0,0.14285714285714285,0.530010289242026,-0.1321075019389779,0.14285714285714232,0.530010289242026,0.0,1.0,0.0,0.0,0.0,0.0,1.0,0.0,0.0,0.0,1.0,1.0,0.0,0.0,0.0,1.0,0.0,0.0,0.0,1
-1.1428571428571428,0.9971394322293854,0.6944654495156773,0.24984436605104807,-1.0,-0.42857142857142855,-1.1734308905910598,-0.051394548414360225,-0.4285714285714288,-1.17343089059106,1.0,0.0,0.0,0.0,0.0,0.0,1.0,0.0,0.0,0.0,1.0,0.0,1.0,0.0,1.0,0.0,0.0,0.0,0.0,0
-0.5,-0.0995568069403847,1.4689207823740107,0.12201701597841912,0.0,-0.7142857142857143,-0.5958614382073852,1.1446802417464794,-0.7142857142857142,-0.5958614382073854,0.0,1.0,0.0,0.0,1.0,0.0,0.0,1.0,0.0,0.0,0.0,1.0,0.0,0.0,0.0,0.0,0.0,0.0,1.0,0
-0.8571428571428571,-0.36754898937889036,4.633661129427189,-1.196928823407346,0.0,-1.1428571428571428,0.3269692465988338,4.5189147891874075,-1.1428571428571428,0.326969246598834,1.0,0.0,0.0,0.0,0.0,0.0,1.0,0.0,1.0,0.0,0.0,1.0,0.0,0.0,0.0,1.0,0.0,0.0,0.0,0
1.3571428571428572,-0.7781165527780287,-0.6151857745660742,-0.17015978418759076,-1.0,0.42857142857142855,-0.38230250371555957,0.034976069969738496,0.42857142857142844,-0.38230250371555974,1.0,0.0,0.0,0.0,0.0,0.0,1.0,0.0,0.0,0.0,1.0,1.0,0.0,0.0,0.0,0.0,1.0,0.0,0.0,0
0.7142857142857143,-0.661343064885502,0.6657444811709484,0.0016600954554890678,0.0,-0.5714285714285714,0.05761975534468968,1.503032589555946,-0.5714285714285715,0.05761975534468962,1.0,0.0,0.0,0.0,1.0,0.0,0.0,0.0,0.0,1.0,0.0,1.0,0.0,0.0,0.0,0.0,0.0,1.0,0.0,0
0.0,-0.9934550662104914,-0.24956046359443268,1.3986304212492215,-0.5,0.14285714285714285,0.37544300903166805,1.182683868110281,0.14285714285714232,0.3754430090316681,1.0,0.0,0.0,1.0,0.0,0.0,0.0,0.0,0.0,0.0,1.0,0.0,0.0,1.0,0.0,0.0,0.0,1.0,0.0,1
1.1428571428571428,-0.07588437261328208,0.7636505149055579,0.505499066196306,0.5,0.0,0.6754315765405283,0.5994572617905818,0.0,0.6754315765405285,1.0,0.0,0.0,0.0,1.0,0.0,0.0,1.0,0.0,0.0,0.0,1.0,0.0,0.0,0.0,1.0,0.0,0.0,0.0,1
0.07142857142857142,0.0,-0.7056063241412218,1.1047935256277235,1.0,-1.0,-1.2081856636561106,-0.4858855996283634,-1.0,-1.2081856636561108,0.0,1.0,0.0,0.0,0.0,0.0,1.0,0.0,1.0,0.0,0.0,1.0,0.0,0.0,0.0,0.0,0.0,1.0,0.0,1
-0.6428571428571429,-0.6086077806899799,-0.6375696152414653,0.4424154388877356,1.0,-0.5714285714285714,0.8647536298159371,-0.16063723285460998,-0.5714285714285715,0.8647536298159373,0.0,1.0,0.0,1.0,0.0,0.0,0.0,0.0,0.0,0.0,1.0,0.0,1.0,0.0,1.0,0.0,0.0,0.0,0.0,0
1.2142857142857142,-0.04999450929621156,-0.44057104118396,-0.4814276820917202,0.0,-1.0,0.14862238481765178,-0.28469673989064836,-1.0,0.14862238481765166,0.0,1.0,0.0,0.0,0.0,1.0,0.0,0.0,0.0,1.0,0.0,1.0,0.0,0.0,0.0,0.0,0.0,1.0,0.0,0
0.42857142857142855,0.33434080181501585,0.08054102289207517,0.10375596596804314,1.0,-0.8571428571428571,-0.5725391562821539,-0.10910543516742989,-0.8571428571428573,-0.572539156282154,1.0,0.0,0.0,1.0,0.0,0.0,0.0,1.0,0.0,0.0,0.0,1.0,0.0,0.0,0.0,1.0,0.0,0.0,0.0,0
-0.7857142857142857,3.2206170866875334,-0.37506657945634975,0.1875907864702222,1.0,-0.5714285714285714,0.03384017377386542,-0.6558334560914943,-0.5714285714285715,0.03384017377386541,0.0,1.0,0.0,0.0,0.0,0.0,1.0,0.0,0.0,0.0,1.0,1.0,0.0,0.0,0.0,0.0,1.0,0.0,0.0,0
-0.14285714285714285,-0.8350874705993143,0.621216793114447,-0.6416268935463784,0.0,0.0,0.663999085400709,2.0611686208187336,0.0,0.6639990854007092,1.0,0.0,0.0,1.0,0.0,0.0,0.0,1.0,0.0,0.0,0.0,0.0,0.0,1.0,1.0,0.0,0.0,0.0,0.0,1
-0.7142857142857143,1.3314931469844198,1.0754679475282285,-0.2506744137787926,0.0,-1.0,-0.6731450783125643,-0.006729040363233321,-1.0,-0.6731450783125644,0.0,1.0,0.0,0.0,1.0,0.0,0.0,0.0,1.0,0.0,0.0,1.0,0.0,0.0,0.0,1.0,0.0,0.0,0.0,0
-1.0714285714285714,1.0574514887717288,0.5567328052246809,-0.12450715916165177,-1.0,-0.2857142857142857,0.8094203726992113,-0.12545124781567701,-0.28571428571428575,0.8094203726992115,0.0,1.0,0.0,0.0,0.0,1.0,0.0,0.0,0.0,1.0,0.0,1.0,0.0,0.0,1.0,0.0,0.0,0.0,0.0,1
0.7142857142857143,-0.5136629756323423,2.053427354516332,1.1537663415646398,1.0,-0.5714285714285714,1.0655081742311652,2.6082126473202436,-0.5714285714285715,1.0655081742311652,1.0,0.0,0.0,0.0,0.0,1.0,0.0,1.0,0.0,0.0,0.0,1.0,0.0,0.0,0.0,0.0,1.0,0.0,0.0,1
1.5,0.0,0.37144749489176465,-1.4476032371861378,0.5,-1.2857142857142858,-0.027895278381159228,0.2557719436033256,-1.2857142857142858,-0.027895278381159235,0.0,1.0,0.0,0.0,0.0,1.0,0.0,0.0,0.0,1.0,0.0,1.0,0.0,0.0,0.0,1.0,0.0,0.0,0.0,0
-1.0714285714285714,-0.3262647381350752,-0.6213665859241125,0.8715501141315624,0.0,-0.14285714285714285,-0.6315308105636218,-0.31192500122357153,-0.14285714285714307,-0.6315308105636219,0.0,1.0,0.0,0.0,0.0,0.0,1.0,0.0,0.0,0.0,1.0,1.0,0.0,0.0,0.0,0.0,0.0,1.0,0.0,0
0.42857142857142855,0.16463172366054174,1.588588832204232,-0.6399667980908903,0.5,-0.8571428571428571,-0.3832171030067451,0.9007321769655808,-0.8571428571428573,-0.38321710300674516,0.0,1.0,0.0,0.0,0.0,0.0,1.0,1.0,0.0,0.0,0.0,1.0,0.0,0.0,0.0,1.0,0.0,0.0,0.0,1
-0.5,1.928400925126291,-0.35669565567202266,-0.947084457356298,0.5,0.8571428571428571,0.2894706756602263,-0.5810009148992942,0.8571428571428569,0.2894706756602263,1.0,0.0,0.0,0.0,0.0,1.0,0.0,0.0,0.0,0.0,1.0,1.0,0.0,0.0,1.0,0.0,0.0,0.0,0.0,0
0.0,4.722118521007558,0.9206466466411224,0.8532890641211864,0.0,0.5714285714285714,0.09740482451126112,-0.48692224659236333,0.5714285714285707,0.09740482451126121,1.0,0.0,0.0,1.0,0.0,0.0,0.0,0.0,1.0,0.0,0.0,0.0,0.0,1.0,0.0,0.0,1.0,0.0,0.0,0
-0.5,0.4847887493380175,1.9661733181392635,0.5370408798505917,2.0,0.0,0.33611523951068945,0.8135909711012717,0.0,0.3361152395106895,0.0,1.0,0.0,0.0,0.0,1.0,0.0,1.0,0.0,0.0,0.0,0.0,1.0,0.0,1.0,0.0,0.0,0.0,0.0,1
-0.7142857142857143,0.0,0.4109021832790584,0.9055820709690807,-0.5,-0.8571428571428571,0.3544072253344004,0.28294037914590997,-0.8571428571428573,0.3544072253344005,0.0,1.0,0.0,1.0,0.0,0.0,0.0,0.0,0.0,0.0,1.0,1.0,0.0,0.0,0.0,1.0,0.0,0.0,0.0,1
0.07142857142857142,-0.8251004270106442,-0.7134405266221935,0.5860136957875078,0.0,-1.0,0.19846804618726435,-0.0551422646930077,-1.0,0.19846804618726446,0.0,1.0,0.0,1.0,0.0,0.0,0.0,0.0,0.0,0.0,1.0,0.0,1.0,0.0,0.0,0.0,0.0,1.0,0.0,0
-0.6428571428571429,-0.1564204729917983,-0.5042252782013678,0.0,0.0,-0.14285714285714285,0.47284783354292914,-0.2892292811357529,-0.14285714285714307,0.4728478335429293,1.0,0.0,0.0,0.0,0.0,0.0,1.0,0.0,0.0,0.0,1.0,1.0,0.0,0.0,0.0,0.0,0.0,1.0,0.0,0
0.21428571428571427,1.405547952057404,1.5209889501860259,0.41502386387217255,0.0,-0.8571428571428571,-0.3484623299416942,0.12942241107484156,-0.8571428571428573,-0.34846232994169435,1.0,0.0,0.0,1.0,0.0,0.0,0.0,0.0,0.0,0.0,1.0,1.0,0.0,0.0,0.0,1.0,0.0,0.0,0.0,0
-0.07142857142857142,-0.840508363383356,-0.09907869508525093,-0.0896451545963889,0.5,-1.1428571428571428,1.4235737967303077,0.940443786723964,-1.1428571428571428,1.423573796730308,0.0,1.0,0.0,0.0,0.0,1.0,0.0,0.0,0.0,1.0,0.0,0.0,1.0,0.0,1.0,0.0,0.0,0.0,0.0,1
-0.21428571428571427,-0.6501337405366995,0.08101602739711046,0.26229508196721324,0.0,1.0,-0.03795587058420022,0.754423706672287,0.9999999999999992,-0.037955870584200184,0.0,1.0,0.0,0.0,0.0,0.0,1.0,0.0,0.0,0.0,1.0,0.0,1.0,0.0,1.0,0.0,0.0,0.0,0.0,0
-0.7142857142857143,0.11166630518322111,0.7346902689249555,0.8981116414193818,0.5,1.0,1.005144621012919,0.41171353788172316,0.9999999999999992,1.005144621012919,0.0,1.0,0.0,0.0,1.0,0.0,0.0,0.0,0.0,0.0,1.0,0.0,1.0,0.0,0.0,1.0,0.0,0.0,0.0,0
-0.42857142857142855,-0.6172499584774609,0.6628114102401924,-0.5287404025731482,-0.5,-0.14285714285714285,0.4737624328341145,1.380250832943679,-0.14285714285714307,0.4737624328341145,1.0,0.0,0.0,0.0,1.0,0.0,0.0,1.0,0.0,0.0,0.0,1.0,0.0,0.0,0.0,1.0,0.0,0.0,0.0,0
0.5714285714285714,-0.5207944070446564,0.24598156600193738,-0.4390952479767584,-0.5,-0.42857142857142855,-0.30593346290156614,0.715279026900348,-0.4285714285714288,-0.30593346290156626,1.0,0.0,0.0,0.0,0.0,0.0,1.0,1.0,0.0,0.0,0.0,0.0,0.0,1.0,0.0,1.0,0.0,0.0,0.0,1
0.0,-0.304414366969516,-0.12531990704946022,-0.19755135920315375,-1.0,1.0,0.22956442208757302,0.10813132139643408,0.9999999999999992,0.22956442208757302,0.0,1.0,0.0,0.0,0.0,1.0,0.0,1.0,0.0,0.0,0.0,1.0,0.0,0.0,0.0,1.0,0.0,0.0,0.0,0
-0.7857142857142857,-0.7808405476160166,-0.19143127463159462,-1.4642041917410247,2.0,0.42857142857142855,0.1618840745398422,0.6548195564102535,0.42857142857142844,0.16188407453984222,0.0,1.0,0.0,0.0,1.0,0.0,0.0,0.0,0.0,1.0,0.0,0.0,0.0,1.0,0.0,0.0,0.0,1.0,0.0,1
0.0,-0.6122220517548878,0.8542986989048027,0.11786677733969739,0.0,-0.5714285714285714,-0.00823139362066993,1.5920333533285524,-0.5714285714285715,-0.008231393620670055,0.0,1.0,0.0,0.0,1.0,0.0,0.0,0.0,0.0,0.0,1.0,0.0,0.0,1.0,0.0,0.0,0.0,1.0,0.0,0
0.5714285714285714,0.707310291857256,0.5084063197674481,-1.3098153143805762,2.0,-0.14285714285714285,1.365954041385618,-0.03391878452845979,-0.14285714285714307,1.3659540413856182,1.0,0.0,0.0,1.0,0.0,0.0,0.0,1.0,0.0,0.0,0.0,1.0,0.0,0.0,0.0,0.0,0.0,1.0,0.0,0
-1.2857142857142858,-0.7579931893097919,-0.15674815609751241,0.05810334094210416,0.0,-0.42857142857142855,-0.33382874128272555,0.6565904571045313,-0.4285714285714288,-0.3338287412827256,0.0,1.0,0.0,1.0,0.0,0.0,0.0,0.0,0.0,0.0,1.0,0.0,1.0,0.0,0.0,0.0,0.0,1.0,0.0,0
0.42857142857142855,-0.8650003299560405,1.1527312824412173,0.6308362730857023,-0.5,1.0,0.6909797644906825,3.080187475188205,0.9999999999999992,0.6909797644906828,1.0,0.0,0.0,0.0,0.0,1.0,0.0,0.0,0.0,1.0,0.0,1.0,0.0,0.0,0.0,0.0,0.0,1.0,0.0,0
-0.5,-0.43087061279398,-0.07183407498367375,-0.31541813654285117,-0.5,-1.4285714285714286,0.6973819595289814,0.2739059404571827,-1.4285714285714284,0.6973819595289814,1.0,0.0,0.0,0.0,0.0,0.0,1.0,1.0,0.0,0.0,0.0,1.0,0.0,0.0,0.0,0.0,0.0,1.0,0.0,0
0.42857142857142855,0.7419421750027481,-0.4751395993222632,1.204399252957045,-1.0,-0.2857142857142857,0.03155367554590151,-0.49783682923964456,-0.28571428571428575,0.031553675545901536,0.0,1.0,0.0,0.0,0.0,1.0,0.0,1.0,0.0,0.0,0.0,1.0,0.0,0.0,0.0,0.0,1.0,0.0,0.0,0
-0.5714285714285714,-0.14797140788426114,-0.4326438581607151,-1.0093380369371239,0.0,1.5714285714285714,-0.8542357379673031,-0.2379530681968732,1.5714285714285707,-0.8542357379673033,0.0,1.0,0.0,0.0,0.0,0.0,1.0,1.0,0.0,0.0,0.0,1.0,0.0,0.0,0.0,1.0,0.0,0.0,0.0,0
-1.4285714285714286,-0.3306752035037092,-0.5296894778127555,0.8615895413986299,0.0,-0.14285714285714285,0.5451011775465875,-0.22865777532866663,-0.14285714285714307,0.5451011775465876,0.0,1.0,0.0,0.0,1.0,0.0,0.0,0.0,0.0,1.0,0.0,0.0,0.0,1.0,0.0,0.0,0.0,0.0,1.0,0
-1.2857142857142858,0.04143619125113446,-0.16632773933204997,0.49719858891886254,1.5,-1.1428571428571428,-0.1861209557562593,-0.1342315515606677,-1.1428571428571428,-0.1861209557562594,1.0,0.0,0.0,1.0,0.0,0.0,0.0,1.0,0.0,0.0,0.0,0.0,1.0,0.0,0.0,0.0,0.0,1.0,0.0,0
0.07142857142857142,0.0,1.378521895228339,-1.1902884415853907,-0.5,1.1428571428571428,-0.7732937006973818,0.9492417706503573,1.1428571428571423,-0.7732937006973821,1.0,0.0,0.0,0.0,0.0,1.0,0.0,1.0,0.0,0.0,0.0,1.0,0.0,0.0,0.0,1.0,0.0,0.0,0.0,1
0.21428571428571427,0.46980208580218646,-0.4540856996951302,1.4318323303589953,-0.5,0.42857142857142855,0.3672116154109981,-0.4392954136389227,0.42857142857142844,0.36721161541099806,1.0,0.0,0.0,0.0,0.0,1.0,0.0,1.0,0.0,0.0,0.0,0.0,1.0,0.0,0.0,1.0,0.0,0.0,0.0,0
-0.7142857142857143,0.35389696946345905,0.16874316903190284,1.4318323303589953,0.0,0.8571428571428571,-0.7540871155824853,-0.06784377687543894,0.8571428571428569,-0.7540871155824855,1.0,0.0,0.0,0.0,0.0,0.0,1.0,1.0,0.0,0.0,0.0,0.0,0.0,1.0,0.0,0.0,0.0,1.0,0.0,1
0.5,-0.2951174557981781,-0.38292549967768874,-0.598464411703673,0.0,1.2857142857142858,0.29129987424259735,-0.12075207186291143,1.2857142857142854,0.2912998742425974,0.0,1.0,0.0,0.0,0.0,0.0,1.0,1.0,0.0,0.0,0.0,1.0,0.0,0.0,1.0,0.0,0.0,0.0,0.0,0
-1.2857142857142858,0.0,-0.1586627900643519,0.0,0.0,0.42857142857142855,0.6269578141076941,-0.10926115375423823,0.42857142857142844,0.6269578141076942,1.0,0.0,0.0,0.0,0.0,1.0,0.0,1.0,0.0,0.0,0.0,0.0,0.0,1.0,0.0,0.0,0.0,1.0,0.0,1
-0.07142857142857142,0.0,-0.7176273760315004,0.0,-1.0,-1.0,-0.05487595747113293,-0.4941632768014589,-1.0,-0.05487595747113302,1.0,0.0,0.0,0.0,0.0,0.0,1.0,0.0,0.0,0.0,1.0,1.0,0.0,0.0,0.0,0.0,0.0,0.0,1.0,0
-0.9285714285714286,1.2832005090970546,-0.13307560730824033,-0.06889396140278027,0.5,0.7142857142857143,1.0755687664342062,-0.4383063504440143,0.7142857142857139,1.0755687664342066,0.0,1.0,0.0,0.0,0.0,1.0,0.0,1.0,0.0,0.0,0.0,0.0,1.0,0.0,0.0,0.0,0.0,0.0,1.0,0
-0.5,0.13661002183551105,-0.11546410719511474,0.09296534550736703,0.5,0.8571428571428571,-0.15365268091917225,-0.14357672912340563,0.8571428571428569,-0.15365268091917242,0.0,0.0,1.0,0.0,0.0,1.0,0.0,1.0,0.0,0.0,0.0,1.0,0.0,0.0,0.0,0.0,1.0,0.0,0.0,0
0.07142857142857142,-0.2466338145697622,0.49470179157581584,-0.18925088192571032,0.5,-0.2857142857142857,1.5927746655996344,0.5760006094135981,-0.28571428571428575,1.5927746655996347,1.0,0.0,0.0,0.0,0.0,1.0,0.0,1.0,0.0,0.0,0.0,1.0,0.0,0.0,0.0,0.0,1.0,0.0,0.0,0
-0.6428571428571429,-0.011466569043938774,0.19801128575416516,0.0,-0.5,-0.5714285714285714,-0.3690408139933692,0.14394483863218022,-0.5714285714285715,-0.3690408139933692,1.0,0.0,0.0,0.0,1.0,0.0,0.0,0.0,0.0,0.0,1.0,1.0,0.0,0.0,0.0,0.0,1.0,0.0,0.0,0
-0.2857142857142857,-0.08050677245506013,-0.6147032281224413,-0.25233450923428075,0.5,-0.8571428571428571,0.9004230021721732,-0.39942949289524055,-0.8571428571428573,0.9004230021721733,1.0,0.0,0.0,0.0,0.0,0.0,1.0,0.0,0.0,0.0,1.0,0.0,1.0,0.0,0.0,1.0,0.0,0.0,0.0,0
0.7857142857142857,1.4273522963666037,1.1557004941215303,-1.3446773189458392,-0.5,1.0,0.2986166685720819,-0.0059913160088708095,0.9999999999999992,0.298616668572082,1.0,0.0,0.0,1.0,0.0,0.0,0.0,0.0,1.0,0.0,0.0,1.0,0.0,0.0,0.0,0.0,1.0,0.0,0.0,0
-0.42857142857142855,-0.6599609070543951,0.18702647971200972,0.0,0.0,-0.14285714285714285,-0.47742082999885666,0.9050136112055627,-0.14285714285714307,-0.4774208299988568,1.0,0.0,0.0,1.0,0.0,0.0,0.0,1.0,0.0,0.0,0.0,1.0,0.0,0.0,0.0,0.0,0.0,1.0,0.0,0
0.6428571428571429,-0.504789825236067,0.1770209696239685,-1.6493048350280137,0.0,-1.5714285714285714,-0.035669372356236316,0.6178433156485722,-1.5714285714285712,-0.03566937235623631,0.0,1.0,0.0,0.0,0.0,0.0,1.0,0.0,1.0,0.0,0.0,1.0,0.0,0.0,0.0,0.0,0.0,1.0,0.0,0
-0.8571428571428571,1.1472999147211862,0.013638384839624524,0.2705955592446567,-0.5,-0.8571428571428571,-1.1299874242597463,-0.3606537680356922,-0.8571428571428573,-1.1299874242597463,0.0,1.0,0.0,0.0,0.0,1.0,0.0,1.0,0.0,0.0,0.0,0.0,0.0,1.0,0.0,1.0,0.0,0.0,0.0,0
0.42857142857142855,-0.41072840048973697,-0.3103137242081097,-0.6698485162896869,1.5,-0.7142857142857143,-0.3036469646736024,0.025856844802766118,-0.7142857142857142,-0.3036469646736025,1.0,0.0,0.0,1.0,0.0,0.0,0.0,1.0,0.0,0.0,0.0,1.0,0.0,0.0,0.0,0.0,1.0,0.0,0.0,0
1.1428571428571428,0.9580657681455387,0.1933636349066711,0.13612782735007242,-0.5,0.14285714285714285,0.09145992911855494,-0.24839883735659005,0.14285714285714232,0.09145992911855504,0.0,1.0,0.0,1.0,0.0,0.0,0.0,1.0,0.0,0.0,0.0,1.0,0.0,0.0,0.0,0.0,0.0,0.0,1.0,0
-1.4285714285714286,2.3047820274428634,0.4294817214890482,0.9479145050840425,0.0,1.0,-0.2803246827483708,-0.39470111401552727,0.9999999999999992,-0.2803246827483709,0.0,1.0,0.0,0.0,0.0,0.0,1.0,0.0,1.0,0.0,0.0,1.0,0.0,0.0,0.0,0.0,0.0,1.0,0.0,1
-0.6428571428571429,-0.29019993781101044,-0.7839409171136338,-0.6482672753683337,-0.5,-0.7142857142857143,-0.7819823939636448,-0.46705420970104566,-0.7142857142857142,-0.7819823939636448,0.0,1.0,0.0,1.0,0.0,0.0,0.0,1.0,0.0,0.0,0.0,1.0,0.0,0.0,1.0,0.0,0.0,0.0,0.0,0
0.42857142857142855,0.68089339128778,-0.32168308654277517,0.7694542436190083,1.0,0.5714285714285714,0.13810449296901808,-0.4158000125773039,0.5714285714285707,0.138104492969018,0.0,1.0,0.0,0.0,0.0,1.0,0.0,1.0,0.0,0.0,0.0,0.0,1.0,0.0,0.0,0.0,0.0,1.0,0.0,1
0.0,-0.6940801126776384,-0.15524852143080736,-0.28470637061631,0.0,0.8571428571428571,-0.32925574482679776,0.5373275156074051,0.8571428571428569,-0.32925574482679787,1.0,0.0,0.0,0.0,0.0,0.0,1.0,0.0,0.0,0.0,1.0,0.0,1.0,0.0,0.0,1.0,0.0,0.0,0.0,0
0.2857142857142857,0.7699867009563139,0.22623602756955646,1.257522307532683,-0.5,-0.5714285714285714,0.1417628901337602,-0.18420151969792725,-0.5714285714285715,0.1417628901337603,1.0,0.0,0.0,0.0,0.0,1.0,0.0,0.0,0.0,0.0,1.0,1.0,0.0,0.0,0.0,1.0,0.0,0.0,0.0,0
-0.5,0.0,1.3163140589022793,-0.23656360240713836,-0.5,-0.7142857142857143,0.10152052132159609,0.906405553699966,-0.7142857142857142,0.10152052132159599,0.0,1.0,0.0,1.0,0.0,0.0,0.0,1.0,0.0,0.0,0.0,1.0,0.0,0.0,0.0,1.0,0.0,0.0,0.0,0
0.07142857142857142,0.4466726710260255,-0.43863983697246434,-0.5719028844158536,-0.5,1.1428571428571428,1.5557333943066196,-0.42633179219625017,1.1428571428571423,1.55573339430662,0.0,1.0,0.0,1.0,0.0,0.0,0.0,0.0,0.0,0.0,1.0,1.0,0.0,0.0,0.0,0.0,0.0,1.0,0.0,0
-0.14285714285714285,-0.4398259462786675,-0.2994661869534963,0.505499066196306,0.5,-0.14285714285714285,1.8836172401966391,0.06060451369085573,-0.14285714285714307,1.8836172401966396,0.0,1.0,0.0,0.0,0.0,1.0,0.0,0.0,0.0,0.0,1.0,1.0,0.0,0.0,0.0,0.0,1.0,0.0,0.0,0
0.9285714285714286,-0.8861047253092128,-0.3074639449058082,-0.28636646607179905,-0.5,0.42857142857142855,0.893106207842689,0.7198044352190601,0.42857142857142844,0.8931062078426892,1.0,0.0,0.0,0.0,1.0,0.0,0.0,0.0,0.0,0.0,1.0,0.0,1.0,0.0,1.0,0.0,0.0,0.0,0.0,0
0.21428571428571427,0.4790012642714777,-0.4524483283103862,-0.5727329321435981,-0.5,-0.2857142857142857,0.9168857894135134,-0.44031696643773244,-0.28571428571428575,0.9168857894135135,1.0,0.0,0.0,1.0,0.0,0.0,0.0,0.0,0.0,0.0,1.0,0.0,1.0,0.0,0.0,1.0,0.0,0.0,0.0,0
0.0,-1.0045220101840098,-0.2124777148961001,-0.3162481842705957,0.5,-0.2857142857142857,0.7303075340116612,1.3086578790142387,-0.28571428571428575,0.7303075340116614,0.0,1.0,0.0,0.0,1.0,0.0,0.0,0.0,0.0,0.0,1.0,0.0,1.0,0.0,0.0,1.0,0.0,0.0,0.0,1
-0.35714285714285715,-0.23351086011721034,0.7487756099651224,-0.01079062046067611,0.5,0.14285714285714285,0.9127700926031783,0.7687971208310589,0.14285714285714232,0.9127700926031784,1.0,0.0,0.0,1.0,0.0,0.0,0.0,0.0,0.0,0.0,1.0,1.0,0.0,0.0,1.0,0.0,0.0,0.0,0.0,0
-0.35714285714285715,1.0132470200872545,-0.5600228795992743,0.9678356505499066,0.0,1.2857142857142858,1.5470447010403567,-0.5696271183834711,1.2857142857142854,1.5470447010403567,1.0,0.0,0.0,0.0,1.0,0.0,0.0,0.0,1.0,0.0,0.0,1.0,0.0,0.0,1.0,0.0,0.0,0.0,0.0,0
-0.35714285714285715,0.17026687659907067,0.3829224718921206,-1.3438472712180947,-1.0,0.0,-0.8057619755344688,0.15010243342435867,0.0,-0.8057619755344692,1.0,0.0,0.0,0.0,1.0,0.0,0.0,1.0,0.0,0.0,0.0,0.0,0.0,1.0,0.0,1.0,0.0,0.0,0.0,0
0.2857142857142857,2.8604437928690594,-0.7720580698718911,0.03735214774849553,-0.5,0.14285714285714285,0.015548187950154332,-0.7339781979456527,0.14285714285714232,0.015548187950154406,1.0,0.0,0.0,0.0,1.0,0.0,0.0,0.0,0.0,0.0,1.0,1.0,0.0,0.0,0.0,0.0,0.0,1.0,0.0,0
-0.35714285714285715,1.1311581988417387,-0.3337456190953407,0.4615065366258561,0.0,1.0,0.29495827140733977,-0.4933884809869848,0.9999999999999992,0.2949582714073397,0.0,1.0,0.0,0.0,0.0,1.0,0.0,0.0,0.0,1.0,0.0,1.0,0.0,0.0,0.0,0.0,0.0,0.0,1.0,0
0.21428571428571427,-0.4445906183245043,-0.20174179282766727,0.15687902054368105,-0.5,-0.7142857142857143,1.536526809191723,0.16084668175845013,-0.7142857142857142,1.536526809191723,1.0,0.0,0.0,0.0,1.0,0.0,0.0,1.0,0.0,0.0,0.0,1.0,0.0,0.0,0.0,0.0,1.0,0.0,0.0,0
1.6428571428571428,4.72175772183503,2.1653677523922656,0.9445943141730644,-1.0,-0.42857142857142855,0.004115696810334965,-0.28207968515140514,-0.4285714285714288,0.004115696810335028,0.0,1.0,0.0,0.0,1.0,0.0,0.0,0.0,0.0,0.0,1.0,0.0,1.0,0.0,0.0,0.0,0.0,1.0,0.0,0
0.7142857142857143,-0.03354848071722484,-0.16783648488078373,-0.03154181365428474,-1.0,-0.7142857142857143,-0.8830456156396478,-0.09883344598022883,-0.7142857142857142,-0.883045615639648,1.0,0.0,0.0,0.0,1.0,0.0,0.0,1.0,0.0,0.0,0.0,1.0,0.0,0.0,0.0,0.0,0.0,1.0,0.0,0
-0.2857142857142857,-0.8596453945766177,-0.8862079119656484,-0.10956630006225393,-1.0,0.8571428571428571,0.6374757059563277,-0.2948088927713657,0.8571428571428569,0.6374757059563279,1.0,0.0,0.0,1.0,0.0,0.0,0.0,1.0,0.0,0.0,0.0,1.0,0.0,0.0,1.0,0.0,0.0,0.0,0.0,0
0.9285714285714286,-0.5959270031635958,-0.8448758999120614,0.43826520024901383,0.0,-0.42857142857142855,-1.1299874242597463,-0.40902320295825256,-0.4285714285714288,-1.1299874242597463,1.0,0.0,0.0,0.0,1.0,0.0,0.0,1.0,0.0,0.0,0.0,1.0,0.0,0.0,0.0,0.0,0.0,1.0,0.0,0
-0.2857142857142857,-0.3900297824454232,0.04599398955663087,0.09047520232413343,-1.0,-0.2857142857142857,-0.841888647536298,0.3424115396662148,-0.28571428571428575,-0.8418886475362983,1.0,0.0,0.0,1.0,0.0,0.0,0.0,0.0,0.0,0.0,1.0,1.0,0.0,0.0,0.0,0.0,0.0,0.0,1.0,0
-1.4285714285714286,0.734203226946415,0.5719126081718544,-0.25482465241751434,-1.0,-0.42857142857142855,1.100262947296216,-0.014436325609726462,-0.4285714285714288,1.1002629472962162,0.0,1.0,0.0,0.0,1.0,0.0,0.0,1.0,0.0,0.0,0.0,0.0,1.0,0.0,0.0,0.0,0.0,1.0,0.0,0
-0.7857142857142857,0.04406610416592894,0.3334050207442192,0.38514214567337596,1.5,-1.1428571428571428,-0.2478564079112838,0.19873755739203214,-1.1428571428571428,-0.2478564079112839,1.0,0.0,0.0,0.0,1.0,0.0,0.0,0.0,0.0,0.0,1.0,1.0,0.0,0.0,1.0,0.0,0.0,0.0,0.0,0
-1.4285714285714286,-0.1857096170635185,0.15145489879086563,-0.43992529570450295,0.5,0.14285714285714285,-0.32559734766205545,0.2393338291464671,0.14285714285714232,-0.32559734766205556,0.0,0.0,1.0,0.0,0.0,1.0,0.0,0.0,1.0,0.0,0.0,1.0,0.0,0.0,0.0,1.0,0.0,0.0,0.0,0
-0.2857142857142857,-0.889967195250542,1.2695311385278165,0.0,-0.5,-0.2857142857142857,0.5528752715216647,3.4464752956069837,-0.28571428571428575,0.5528752715216647,1.0,0.0,0.0,1.0,0.0,0.0,0.0,1.0,0.0,0.0,0.0,0.0,1.0,0.0,0.0,1.0,0.0,0.0,0.0,1
0.0,0.0,-0.3221296573887908,-0.3519402365636021,-1.0,-0.14285714285714285,-0.22864982279638735,-0.22182417806854196,-0.14285714285714307,-0.22864982279638746,0.0,1.0,0.0,0.0,1.0,0.0,0.0,0.0,0.0,0.0,1.0,1.0,0.0,0.0,0.0,0.0,0.0,0.0,1.0,0
1.2857142857142858,0.7223512573481812,0.9008374971864821,0.9753060800996055,0.0,0.0,0.6100377272207615,0.14229243356885865,0.0,0.6100377272207617,0.0,1.0,0.0,1.0,0.0,0.0,0.0,0.0,0.0,0.0,1.0,1.0,0.0,0.0,0.0,1.0,0.0,0.0,0.0,0
0.2857142857142857,0.202520534228205,-0.7529526878846402,-1.7392405063291134,-1.0,0.5714285714285714,0.49891391334171736,-0.5569891081698753,0.5714285714285707,0.4989139133417174,0.0,1.0,0.0,1.0,0.0,0.0,0.0,0.0,0.0,0.0,1.0,1.0,0.0,0.0,0.0,0.0,1.0,0.0,0.0,0
-0.14285714285714285,-0.23811757513132162,-0.49852037968403506,0.2996472297157088,-0.5,-1.1428571428571428,0.05853435463587521,-0.24846932783660083,-1.1428571428571428,0.05853435463587532,1.0,0.0,0.0,0.0,0.0,0.0,1.0,1.0,0.0,0.0,0.0,1.0,0.0,0.0,0.0,0.0,0.0,1.0,0.0,0
0.6428571428571429,0.5764956921519404,-0.7993326650505954,0.04482257729819445,-0.5,0.0,-0.03338287412827257,-0.6311761813460834,0.0,-0.03338287412827269,1.0,0.0,0.0,0.0,0.0,1.0,0.0,0.0,0.0,0.0,1.0,1.0,0.0,0.0,0.0,0.0,0.0,1.0,0.0,0
-1.4285714285714286,0.6795349229550108,-0.16786359732428252,-1.1653870097530603,0.0,1.1428571428571428,0.4742197324797072,-0.34290299067429586,1.1428571428571423,0.4742197324797072,0.0,1.0,0.0,0.0,0.0,1.0,0.0,1.0,0.0,0.0,0.0,1.0,0.0,0.0,0.0,0.0,0.0,1.0,0.0,0
0.21428571428571427,0.2786810815010484,-0.013464011916207936,0.23905374559037101,0.0,0.14285714285714285,-0.6598833885903739,-0.14053447850858702,0.14285714285714232,-0.659883388590374,0.0,1.0,0.0,0.0,0.0,1.0,0.0,0.0,0.0,0.0,1.0,1.0,0.0,0.0,1.0,0.0,0.0,0.0,0.0,1
0.5714285714285714,-0.5376211442510411,0.10821225798023988,0.3560904752023239,0.5,1.1428571428571428,0.027437978735566547,0.59411384012783,1.1428571428571423,0.02743797873556651,1.0,0.0,0.0,0.0,0.0,0.0,1.0,1.0,0.0,0.0,0.0,1.0,0.0,0.0,0.0,0.0,0.0,1.0,0.0,0
-1.1428571428571428,0.24909270877737766,0.06729897518335434,0.4366051047935257,0.0,0.5714285714285714,-0.671773179375786,-0.08098918214745704,0.5714285714285707,-0.6717731793757862,1.0,0.0,0.0,0.0,0.0,0.0,1.0,1.0,0.0,0.0,0.0,1.0,0.0,0.0,0.0,0.0,0.0,1.0,0.0,0
0.9285714285714286,1.3879257777458702,-0.5082156518526088,-1.7392405063291134,0.0,-0.8571428571428571,0.22727792385960896,-0.5863418243035321,-0.8571428571428573,0.2272779238596089,1.0,0.0,0.0,0.0,0.0,1.0,0.0,1.0,0.0,0.0,0.0,1.0,0.0,0.0,0.0,1.0,0.0,0.0,0.0,0
0.2857142857142857,-0.4113732362064802,-0.1131694586141177,0.9844366051047936,0.0,-0.5714285714285714,-0.39556419343775,0.21426008895580803,-0.5714285714285715,-0.3955641934377501,1.0,0.0,0.0,0.0,0.0,0.0,1.0,1.0,0.0,0.0,0.0,1.0,0.0,0.0,0.0,0.0,1.0,0.0,0.0,1
-0.35714285714285715,3.2328981444936757,-0.71383039530211,-0.49968873210209613,-1.0,-0.7142857142857143,0.43123356579398653,-0.7296550015944343,-0.7142857142857142,0.4312335657939866,0.0,1.0,0.0,0.0,0.0,0.0,1.0,0.0,0.0,0.0,1.0,0.0,1.0,0.0,1.0,0.0,0.0,0.0,0.0,0
0.5,-0.36871342557630055,1.5883403611103601,0.505499066196306,0.0,-0.2857142857142857,0.027437978735566547,1.7334048130624031,-0.28571428571428575,0.02743797873556651,0.0,1.0,0.0,0.0,0.0,0.0,1.0,0.0,0.0,1.0,0.0,1.0,0.0,0.0,0.0,0.0,0.0,1.0,0.0,0
1.7857142857142858,0.03145049980278024,-0.185845505713717,0.543681261672546,-1.0,-1.1428571428571428,0.6772607751228994,-0.14274521388599665,-1.1428571428571428,0.6772607751228995,1.0,0.0,0.0,0.0,0.0,1.0,0.0,1.0,0.0,0.0,0.0,1.0,0.0,0.0,0.0,0.0,0.0,1.0,0.0,0
0.14285714285714285,-0.45514864372585284,-0.29444964172247773,-0.5976343639759285,-1.0,-0.5714285714285714,-0.8016462787241341,0.07900229371734162,-0.5714285714285715,-0.8016462787241342,1.0,0.0,0.0,0.0,0.0,1.0,0.0,0.0,0.0,0.0,1.0,1.0,0.0,0.0,0.0,0.0,0.0,0.0,1.0,0
0.21428571428571427,0.19903582524838503,1.9953593818726219,0.48640796845818646,1.0,0.5714285714285714,1.4866811478221105,1.1120937748837003,0.5714285714285707,1.4866811478221105,1.0,0.0,0.0,0.0,0.0,1.0,0.0,0.0,0.0,0.0,1.0,1.0,0.0,0.0,0.0,0.0,0.0,1.0,0.0,0
-0.35714285714285715,-0.9121409983797099,-0.6303756242562701,0.0,0.0,-0.14285714285714285,0.2789527838115926,0.2130733957624169,-0.14285714285714307,0.2789527838115926,1.0,0.0,0.0,0.0,0.0,0.0,1.0,0.0,0.0,1.0,0.0,1.0,0.0,0.0,1.0,0.0,0.0,0.0,0.0,1
-0.6428571428571429,-0.38114854625005745,-0.5877565971714414,-1.4409628553641833,0.5,-1.0,-0.566136961243855,-0.25451796921728304,-1.0,-0.5661369612438552,1.0,0.0,0.0,0.0,0.0,1.0,0.0,0.0,0.0,0.0,1.0,1.0,0.0,0.0,1.0,0.0,0.0,0.0,0.0,0
0.6428571428571429,0.0,-0.5765497718711523,0.844988586843743,1.0,-0.8571428571428571,-0.23642391677146443,-0.39701746341906197,-0.8571428571428573,-0.23642391677146454,0.0,1.0,0.0,0.0,0.0,0.0,1.0,0.0,0.0,1.0,0.0,0.0,0.0,1.0,1.0,0.0,0.0,0.0,0.0,1
-0.6428571428571429,0.11963995775562083,-0.028983862708036018,-0.5262502593899147,1.0,-1.2857142857142858,1.3751000342974735,-0.08110929995815737,-1.2857142857142858,1.3751000342974735,0.0,1.0,0.0,0.0,1.0,0.0,0.0,1.0,0.0,0.0,0.0,1.0,0.0,0.0,0.0,0.0,0.0,1.0,0.0,1
0.07142857142857142,1.087448559427341,0.38659379952042217,-0.5818634571487862,-0.5,-0.42857142857142855,1.262604321481651,-0.20136411792055,-0.4285714285714288,1.2626043214816511,0.0,1.0,0.0,0.0,0.0,0.0,1.0,0.0,0.0,0.0,1.0,0.0,0.0,1.0,1.0,0.0,0.0,0.0,0.0,0
-0.35714285714285715,0.6392277823892147,0.7123812420784271,-0.26395517742270136,0.5,-0.2857142857142857,0.8277123585229222,0.09005174655825539,-0.28571428571428575,0.8277123585229222,0.0,1.0,0.0,1.0,0.0,0.0,0.0,1.0,0.0,0.0,0.0,1.0,0.0,0.0,1.0,0.0,0.0,0.0,0.0,0
0.35714285714285715,-1.0790853011442627,4.578052351747457,0.21249221830255255,-0.5,0.14285714285714285,-0.7806104950268664,13.824622794524428,0.14285714285714232,-0.7806104950268665,1.0,0.0,0.0,0.0,0.0,1.0,0.0,0.0,0.0,1.0,0.0,1.0,0.0,0.0,0.0,0.0,1.0,0.0,0.0,0
0.2857142857142857,3.0902008275193382,-0.8862079119656484,-0.019921145465864095,0.5,0.8571428571428571,-0.7046987538584657,-0.7647330483348285,0.8571428571428569,-0.7046987538584658,0.0,0.0,1.0,0.0,0.0,1.0,0.0,1.0,0.0,0.0,0.0,1.0,0.0,0.0,0.0,1.0,0.0,0.0,0.0,0
0.7857142857142857,0.2669755757418535,0.5665125801359363,0.40755343432247365,-0.5,0.7142857142857143,-0.5830570481307877,0.20256843844427705,0.7142857142857139,-0.5830570481307878,0.0,1.0,0.0,1.0,0.0,0.0,0.0,0.0,0.0,0.0,1.0,1.0,0.0,0.0,0.0,0.0,0.0,1.0,0.0,0
-0.42857142857142855,-0.5122797360889826,-0.33151003985825084,-0.9246731687072003,0.0,0.0,0.2794100834571853,0.09404935187017643,0.0,0.2794100834571853,0.0,1.0,0.0,0.0,0.0,0.0,1.0,0.0,1.0,0.0,0.0,1.0,0.0,0.0,0.0,0.0,0.0,1.0,0.0,0
-0.21428571428571427,0.138957770109144,-0.3469537005550488,-0.5030089230130733,0.5,-0.42857142857142855,-0.24099691322739222,-0.29032723408044564,-0.4285714285714288,-0.24099691322739228,1.0,0.0,0.0,0.0,1.0,0.0,0.0,0.0,1.0,0.0,0.0,0.0,1.0,0.0,0.0,0.0,1.0,0.0,0.0,1
-0.7857142857142857,0.15604822876277888,-0.3642175833595988,-0.06142353185308135,-0.5,-0.7142857142857143,-0.2588315994055105,-0.3068038073162807,-0.7142857142857142,-0.2588315994055106,0.0,1.0,0.0,1.0,0.0,0.0,0.0,0.0,0.0,0.0,1.0,1.0,0.0,0.0,0.0,0.0,1.0,0.0,0.0,0
-0.35714285714285715,-0.4519581334360076,-0.5001687887234421,1.359618178045237,1.0,-0.7142857142857143,0.48793872184749065,-0.1276136339136958,-0.7142857142857142,0.48793872184749076,1.0,0.0,0.0,1.0,0.0,0.0,0.0,0.0,1.0,0.0,0.0,0.0,0.0,1.0,0.0,1.0,0.0,0.0,0.0,1
0.0,0.0,2.185046376763585,-0.059763436397593225,0.0,1.2857142857142858,0.186578255401852,1.5046132432372088,1.2857142857142854,0.1865782554018521,1.0,0.0,0.0,0.0,0.0,0.0,1.0,0.0,1.0,0.0,0.0,0.0,1.0,0.0,0.0,1.0,0.0,0.0,0.0,0
0.5714285714285714,-0.4177430881071599,0.8349888312903913,0.7860551981738952,-1.0,0.2857142857142857,-1.0325825997484852,1.129579801440989,0.28571428571428537,-1.0325825997484854,1.0,0.0,0.0,0.0,0.0,1.0,0.0,1.0,0.0,0.0,0.0,1.0,0.0,0.0,0.0,1.0,0.0,0.0,0.0,0
0.0,-0.29188229783509556,0.03780319651167182,0.04814276820917164,-0.5,-1.0,-0.7870126900651653,0.23802473767236337,-1.0,-0.7870126900651653,0.0,1.0,0.0,0.0,0.0,0.0,1.0,1.0,0.0,0.0,0.0,1.0,0.0,0.0,0.0,0.0,1.0,0.0,0.0,1
0.7142857142857143,0.0,1.567849436921686,-0.3203984229093174,-1.0,0.14285714285714285,0.5547044701040358,1.0796124141196437,0.14285714285714232,0.5547044701040359,0.0,1.0,0.0,1.0,0.0,0.0,0.0,0.0,0.0,0.0,1.0,1.0,0.0,0.0,0.0,0.0,0.0,0.0,1.0,1
1.0714285714285714,0.0,-0.7183740004273445,-0.15355882963270384,-0.5,-0.7142857142857143,1.285012004115697,-0.4946774011705046,-0.7142857142857142,1.2850120041156972,1.0,0.0,0.0,1.0,0.0,0.0,0.0,1.0,0.0,0.0,0.0,1.0,0.0,0.0,0.0,0.0,0.0,1.0,0.0,0
0.35714285714285715,0.12891829051901602,-0.6607607736506851,-0.09794563187383235,1.0,-0.14285714285714285,0.4810792271635991,-0.4857111870255094,-0.14285714285714307,0.48107922716359913,1.0,0.0,0.0,0.0,0.0,1.0,0.0,0.0,0.0,1.0,0.0,1.0,0.0,0.0,0.0,1.0,0.0,0.0,0.0,1
1.5,0.5695506127179898,-0.8829082722659378,0.4465656775264573,0.0,-0.42857142857142855,1.090202355093175,-0.6720514472917145,-0.4285714285714288,1.0902023550931752,0.0,1.0,0.0,0.0,0.0,1.0,0.0,0.0,0.0,1.0,0.0,1.0,0.0,0.0,0.0,0.0,0.0,1.0,0.0,0
-0.6428571428571429,0.4915908534549446,-0.4040656361428745,0.9902469391990034,0.0,-0.2857142857142857,-0.7453984223162226,-0.4178379790734885,-0.28571428571428575,-0.7453984223162229,1.0,0.0,0.0,0.0,0.0,1.0,0.0,0.0,1.0,0.0,0.0,1.0,0.0,0.0,0.0,0.0,1.0,0.0,0.0,0
-1.0,0.8522218467704157,0.1466381874073615,0.27474579788337844,-0.5,0.42857142857142855,-0.8615525322967875,-0.24206374199232758,0.42857142857142844,-0.8615525322967877,0.0,1.0,0.0,0.0,0.0,0.0,1.0,0.0,0.0,0.0,1.0,1.0,0.0,0.0,1.0,0.0,0.0,0.0,0.0,0
-1.4285714285714286,0.29516480775204756,0.09929474134821807,0.8582693504876527,-0.5,1.0,-1.126329027095004,-0.08225493871449566,0.9999999999999992,-1.1263290270950042,1.0,0.0,0.0,0.0,0.0,1.0,0.0,1.0,0.0,0.0,0.0,0.0,0.0,1.0,0.0,0.0,0.0,0.0,1.0,0
1.1428571428571428,-0.37305155143802377,0.1365567624775233,-0.6598879435567544,1.0,0.5714285714285714,1.0659654738767579,0.40766424381917016,0.5714285714285707,1.0659654738767579,0.0,1.0,0.0,1.0,0.0,0.0,0.0,1.0,0.0,0.0,0.0,0.0,1.0,0.0,0.0,0.0,0.0,1.0,0.0,0
0.5,0.8777078798606833,-0.6869977467150987,-0.27142560697240126,1.0,-0.42857142857142855,0.747227620898594,-0.6090890898905714,-0.4285714285714288,0.7472276208985942,1.0,0.0,0.0,1.0,0.0,0.0,0.0,1.0,0.0,0.0,0.0,0.0,0.0,1.0,0.0,0.0,0.0,0.0,1.0,1
-0.07142857142857142,-0.7777070706047039,0.7873304955321343,-0.49055820709690817,-0.5,-0.42857142857142855,0.02880987767234492,2.0656932647560566,-0.4285714285714288,0.028809877672344938,0.0,1.0,0.0,0.0,1.0,0.0,0.0,0.0,1.0,0.0,0.0,1.0,0.0,0.0,0.0,0.0,0.0,1.0,0.0,0
0.21428571428571427,-0.5763387086612423,0.21196973505369265,0.24237393650134917,1.0,-0.5714285714285714,-0.5167485995198354,0.7722116495039845,-0.5714285714285715,-0.5167485995198355,0.0,1.0,0.0,0.0,0.0,0.0,1.0,0.0,0.0,0.0,1.0,1.0,0.0,0.0,0.0,0.0,1.0,0.0,0.0,1
-0.8571428571428571,-0.6074591374914617,0.7047268350095718,-0.23241336376841665,-1.0,-1.0,-0.8446324454098547,1.4043218374349615,-1.0,-0.8446324454098548,0.0,1.0,0.0,0.0,1.0,0.0,0.0,0.0,0.0,1.0,0.0,1.0,0.0,0.0,0.0,0.0,0.0,1.0,0.0,0
1.9285714285714286,1.2113553446858176,-0.8203312112524733,0.5353807843951026,0.0,0.14285714285714285,0.015548187950154332,-0.6880745737192301,0.14285714285714232,0.015548187950154406,0.0,1.0,0.0,1.0,0.0,0.0,0.0,0.0,0.0,0.0,1.0,1.0,0.0,0.0,0.0,0.0,0.0,0.0,1.0,0
0.07142857142857142,1.0154535237834685,0.27498436613243776,-0.6358165594521685,-1.0,0.14285714285714285,1.1633702983880188,-0.2286054616952827,0.14285714285714232,1.1633702983880188,1.0,0.0,0.0,0.0,1.0,0.0,0.0,0.0,0.0,0.0,1.0,1.0,0.0,0.0,0.0,0.0,1.0,0.0,0.0,0
0.07142857142857142,0.46187129607780675,-0.6108429941999947,0.051462959120149775,0.0,-0.42857142857142855,1.1199268320567053,-0.5199695956397122,-0.4285714285714288,1.1199268320567055,0.0,0.0,1.0,1.0,0.0,0.0,0.0,0.0,0.0,1.0,0.0,0.0,1.0,0.0,0.0,0.0,1.0,0.0,0.0,1
0.5714285714285714,1.1993415779773604,-0.2422812542081488,0.505499066196306,-0.5,-0.2857142857142857,0.8903624099691322,-0.467353478974363,-0.28571428571428575,0.8903624099691324,0.0,1.0,0.0,0.0,1.0,0.0,0.0,0.0,0.0,0.0,1.0,0.0,1.0,0.0,1.0,0.0,0.0,0.0,0.0,0
0.35714285714285715,-0.5656141266157577,0.4886252461426238,-1.4368126167254616,0.5,-0.2857142857142857,-0.5048588087344232,1.0613752217605192,-0.28571428571428575,-0.5048588087344233,0.0,1.0,0.0,0.0,0.0,1.0,0.0,1.0,0.0,0.0,0.0,1.0,0.0,0.0,0.0,0.0,0.0,1.0,0.0,1
0.14285714285714285,0.3190401442549825,0.09002735033110601,1.4318323303589953,0.5,0.5714285714285714,-1.0851720589916543,-0.0975325843985758,0.5714285714285707,-1.0851720589916545,1.0,0.0,0.0,0.0,1.0,0.0,0.0,1.0,0.0,0.0,0.0,1.0,0.0,0.0,0.0,0.0,0.0,1.0,0.0,0
-0.6428571428571429,-0.09425052156953491,-0.47508512670735537,0.0,-1.0,-1.0,-0.7348805304675889,-0.2924123987392678,-1.0,-0.7348805304675889,1.0,0.0,0.0,0.0,0.0,1.0,0.0,0.0,0.0,0.0,1.0,1.0,0.0,0.0,1.0,0.0,0.0,0.0,0.0,0
0.35714285714285715,0.887097196301223,0.025114683055501155,-1.4077609462544096,0.0,-0.42857142857142855,-0.7083571510232078,-0.303202238560581,-0.4285714285714288,-0.7083571510232081,1.0,0.0,0.0,0.0,0.0,1.0,0.0,1.0,0.0,0.0,0.0,1.0,0.0,0.0,0.0,1.0,0.0,0.0,0.0,0
1.5,-0.08663153540204527,-0.7240414920302456,0.13197758871135068,-1.0,-0.14285714285714285,-0.3553218246255859,-0.47746397069466756,-0.14285714285714307,-0.3553218246255859,0.0,1.0,0.0,0.0,0.0,0.0,1.0,0.0,0.0,0.0,1.0,1.0,0.0,0.0,0.0,0.0,0.0,1.0,0.0,0
1.0714285714285714,-0.27909610744966906,1.251695389605366,0.04399252957044991,0.0,-0.14285714285714285,0.6347319080827714,1.2563042152050543,-0.14285714285714307,0.6347319080827716,0.0,1.0,0.0,0.0,0.0,1.0,0.0,0.0,0.0,1.0,0.0,1.0,0.0,0.0,0.0,1.0,0.0,0.0,0.0,1
1.2857142857142858,0.5200527851240875,-0.12309844830324848,-0.03735214774849553,-0.5,-0.42857142857142855,-0.3434320338401737,-0.2805880811720993,-0.4285714285714288,-0.34343203384017373,1.0,0.0,0.0,0.0,0.0,1.0,0.0,1.0,0.0,0.0,0.0,1.0,0.0,0.0,0.0,0.0,1.0,0.0,0.0,0
-0.42857142857142855,0.925577946856464,1.2051366354642588,0.7204814276820912,0.5,-1.4285714285714286,-0.7124728478335428,0.18850049066809652,-1.4285714285714284,-0.712472847833543,0.0,1.0,0.0,0.0,1.0,0.0,0.0,1.0,0.0,0.0,0.0,0.0,0.0,1.0,0.0,0.0,0.0,1.0,0.0,0
-0.7857142857142857,-0.45280611471384014,-0.31508075238296873,0.5478315003112678,0.0,0.14285714285714285,0.19435234937692925,0.05646156663707836,0.14285714285714232,0.1943523493769292,1.0,0.0,0.0,1.0,0.0,0.0,0.0,1.0,0.0,0.0,0.0,1.0,0.0,0.0,0.0,0.0,0.0,1.0,0.0,0
-0.07142857142857142,-0.04443037076708338,-0.3134777326017643,0.23075326831292758,-0.5,0.42857142857142855,-0.20029724476963526,-0.19662079027020674,0.42857142857142844,-0.20029724476963537,0.0,1.0,0.0,0.0,0.0,0.0,1.0,0.0,0.0,1.0,0.0,0.0,1.0,0.0,0.0,0.0,0.0,1.0,0.0,0
0.07142857142857142,-0.6516668242698882,-0.4350985389716637,0.33865947291969245,0.0,-0.14285714285714285,-0.5025723105064593,0.12326263587676277,-0.14285714285714307,-0.5025723105064595,1.0,0.0,0.0,0.0,0.0,1.0,0.0,1.0,0.0,0.0,0.0,1.0,0.0,0.0,0.0,1.0,0.0,0.0,0.0,0
0.8571428571428571,-1.0912041821591805,0.877148791032404,-0.0531230545756379,0.5,0.2857142857142857,0.026523379444381014,4.62610477489393,0.28571428571428537,0.026523379444381063,0.0,1.0,0.0,0.0,0.0,0.0,1.0,1.0,0.0,0.0,0.0,1.0,0.0,0.0,0.0,0.0,0.0,0.0,1.0,0
-1.3571428571428572,0.17806888847974633,-0.4089438666240639,1.2732932143598252,0.5,-0.42857142857142855,-0.06447925002858124,-0.34135475052614545,-0.4285714285714288,-0.06447925002858125,1.0,0.0,0.0,0.0,1.0,0.0,0.0,1.0,0.0,0.0,0.0,1.0,0.0,0.0,0.0,0.0,0.0,0.0,1.0,0
1.2142857142857142,0.5963686121908308,0.605328268141681,-1.0226188005810335,-1.0,-0.8571428571428571,-0.129873099348348,0.05663033673709509,-0.8571428571428573,-0.12987309934834795,0.0,1.0,0.0,0.0,0.0,1.0,0.0,1.0,0.0,0.0,0.0,1.0,0.0,0.0,0.0,0.0,1.0,0.0,0.0,0
-0.14285714285714285,0.23530487988859822,-0.23353469735944818,0.11952687279518551,-0.5,1.0,-1.1510232079570137,-0.25368697961292297,0.9999999999999992,-1.151023207957014,1.0,0.0,0.0,0.0,1.0,0.0,0.0,1.0,0.0,0.0,0.0,1.0,0.0,0.0,0.0,0.0,0.0,1.0,0.0,0
-0.35714285714285715,-0.9736278485142846,-0.8397052679209346,0.0664038182195476,1.0,-0.8571428571428571,-1.1514805076026067,-0.07971388362517992,-0.8571428571428573,-1.151480507602607,0.0,1.0,0.0,0.0,0.0,0.0,1.0,1.0,0.0,0.0,0.0,0.0,1.0,0.0,0.0,0.0,0.0,0.0,1.0,0
-0.7857142857142857,-0.25631481471928863,-0.33849615960151364,0.5943141730649513,0.5,0.2857142857142857,-0.4851949239739339,-0.10648522279691229,0.28571428571428537,-0.48519492397393404,1.0,0.0,0.0,0.0,1.0,0.0,0.0,1.0,0.0,0.0,0.0,0.0,1.0,0.0,0.0,0.0,1.0,0.0,0.0,0
-1.2857142857142858,-1.0435801246542211,-0.6076800592939506,-0.5743930275990872,-0.5,-1.1428571428571428,-0.7655196067223047,0.5807478396662595,-1.1428571428571428,-0.7655196067223049,1.0,0.0,0.0,0.0,0.0,0.0,1.0,0.0,1.0,0.0,0.0,1.0,0.0,0.0,0.0,0.0,0.0,1.0,0.0,0
0.6428571428571429,1.6765977293926835,0.04589776102620239,-1.2093795393235112,-1.0,-1.2857142857142858,0.06585114896535961,-0.4303459489944295,-1.2857142857142858,0.06585114896535968,1.0,0.0,0.0,0.0,1.0,0.0,0.0,1.0,0.0,0.0,0.0,1.0,0.0,0.0,0.0,0.0,0.0,0.0,1.0,0
0.07142857142857142,-0.6641921867883409,-0.6118051694029855,0.13114754098360615,1.0,0.0,0.12758660112038409,-0.08243848676527782,0.0,0.12758660112038406,1.0,0.0,0.0,0.0,0.0,0.0,1.0,0.0,0.0,0.0,1.0,0.0,0.0,1.0,1.0,0.0,0.0,0.0,0.0,0
-1.0,1.484109494889528,0.9407039644110782,0.21913260012450692,-0.5,1.0,-0.4156853778438322,-0.09591159953415482,0.9999999999999992,-0.4156853778438323,1.0,0.0,0.0,1.0,0.0,0.0,0.0,1.0,0.0,0.0,0.0,1.0,0.0,0.0,1.0,0.0,0.0,0.0,0.0,0
-1.0,1.0196904554639357,-0.04542616966126237,1.0715916165179498,0.5,-0.2857142857142857,0.8693266262718645,-0.36036571980240995,-0.28571428571428575,0.8693266262718647,1.0,0.0,0.0,0.0,1.0,0.0,0.0,0.0,0.0,0.0,1.0,1.0,0.0,0.0,1.0,0.0,0.0,0.0,0.0,0
-0.2857142857142857,0.0,-0.1047538387280433,-0.8757003527702841,-0.5,1.0,-0.5547044701040357,-0.0721395357814423,0.9999999999999992,-0.5547044701040358,0.0,1.0,0.0,0.0,1.0,0.0,0.0,0.0,0.0,0.0,1.0,1.0,0.0,0.0,0.0,0.0,0.0,1.0,0.0,1
1.2857142857142858,-0.6849599803312261,0.617730132880494,0.8350280141108114,0.0,0.14285714285714285,0.789299188293129,1.5109150831939961,0.14285714285714232,0.7892991882931292,1.0,0.0,0.0,1.0,0.0,0.0,0.0,1.0,0.0,0.0,0.0,0.0,1.0,0.0,0.0,0.0,0.0,1.0,0.0,1
-0.21428571428571427,0.32079998191917963,0.9904019816801495,1.4318323303589953,1.0,-0.5714285714285714,-0.023779581570824264,0.41145490125632295,-0.5714285714285715,-0.02377958157082421,0.0,1.0,0.0,1.0,0.0,0.0,0.0,0.0,1.0,0.0,0.0,0.0,0.0,1.0,1.0,0.0,0.0,0.0,0.0,0
-1.2142857142857142,-0.5478113604436069,0.005596448743337245,-0.24569412741232635,-0.5,-0.42857142857142855,0.901337601463359,0.497665800436887,-0.4285714285714288,0.9013376014633591,0.0,1.0,0.0,0.0,1.0,0.0,0.0,0.0,1.0,0.0,0.0,1.0,0.0,0.0,0.0,0.0,0.0,1.0,0.0,1
-0.21428571428571427,0.09094729686294045,-0.43838696182685627,-0.8898111641419384,1.0,-0.2857142857142857,0.12530010289242036,-0.3329136336156293,-0.28571428571428575,0.12530010289242044,0.0,1.0,0.0,1.0,0.0,0.0,0.0,0.0,0.0,0.0,1.0,0.0,0.0,1.0,0.0,1.0,0.0,0.0,0.0,1
-0.21428571428571427,-0.34217815864355383,-0.7909381295622063,-0.26644532060593495,0.0,-0.14285714285714285,0.8601806333600093,-0.45637297476122807,-0.14285714285714307,0.8601806333600095,0.0,1.0,0.0,0.0,0.0,1.0,0.0,1.0,0.0,0.0,0.0,0.0,1.0,0.0,1.0,0.0,0.0,0.0,0.0,0
-1.4285714285714286,-0.9242287271634569,-0.3975109758431087,0.030711765926541148,0.5,2.142857142857143,-0.04527266491368462,0.6615844645012907,2.1428571428571423,-0.04527266491368454,1.0,0.0,0.0,0.0,0.0,0.0,1.0,0.0,0.0,0.0,1.0,1.0,0.0,0.0,1.0,0.0,0.0,0.0,0.0,0
-0.07142857142857142,-1.046497286257766,-0.3629049006890807,0.0,1.0,0.2857142857142857,0.8793872184749059,1.1632129023955253,0.28571428571428537,0.879387218474906,1.0,0.0,0.0,0.0,0.0,0.0,1.0,0.0,1.0,0.0,0.0,1.0,0.0,0.0,0.0,1.0,0.0,0.0,0.0,0
-0.21428571428571427,0.20219593942392444,0.10261812136406402,0.0,1.5,-1.4285714285714286,-0.6713158797301932,-0.038492437515903734,-1.4285714285714284,-0.6713158797301935,1.0,0.0,0.0,0.0,0.0,0.0,1.0,0.0,1.0,0.0,0.0,1.0,0.0,0.0,1.0,0.0,0.0,0.0,0.0,0
0.5714285714285714,-0.3905085212457378,-0.2112462044041385,1.1180742892716333,-0.5,0.7142857142857143,-0.45044015090888295,0.10245741914962689,0.7142857142857139,-0.450440150908883,0.0,1.0,0.0,0.0,0.0,1.0,0.0,1.0,0.0,0.0,0.0,0.0,0.0,1.0,1.0,0.0,0.0,0.0,0.0,0
1.4285714285714286,-0.3854101680126964,0.6533663432608621,-0.7653040049802866,0.0,-1.2857142857142858,1.1354750200068595,0.9025805961563376,-1.2857142857142858,1.1354750200068595,0.0,1.0,0.0,1.0,0.0,0.0,0.0,1.0,0.0,0.0,0.0,1.0,0.0,0.0,0.0,0.0,1.0,0.0,0.0,0
0.8571428571428571,0.6982184462862562,-0.36073194156261007,-1.206059348412533,0.5,0.5714285714285714,-0.41614267748942485,-0.43744110997191815,0.5714285714285707,-0.4161426774894249,0.0,1.0,0.0,1.0,0.0,0.0,0.0,1.0,0.0,0.0,0.0,0.0,1.0,0.0,0.0,0.0,0.0,1.0,0.0,1
0.0,1.3533412195114414,-0.021231052608207696,0.8018261050010376,-1.0,0.14285714285714285,-0.5469303761289586,-0.4079490109491939,0.14285714285714232,-0.5469303761289587,0.0,1.0,0.0,0.0,1.0,0.0,0.0,1.0,0.0,0.0,0.0,1.0,0.0,0.0,0.0,0.0,0.0,1.0,0.0,0
-0.8571428571428571,0.0,1.302175236158845,-1.5837310645362106,-0.5,1.0,0.8007316794329483,0.8966695828925845,0.9999999999999992,0.8007316794329485,0.0,1.0,0.0,1.0,0.0,0.0,0.0,0.0,0.0,1.0,0.0,0.0,1.0,0.0,0.0,1.0,0.0,0.0,0.0,1
2.0,0.0,0.30240999276035824,-0.12367711143390724,0.0,0.2857142857142857,0.27255058877329374,0.20823282966415188,0.28571428571428537,0.2725505887732937,0.0,1.0,0.0,0.0,1.0,0.0,0.0,0.0,0.0,0.0,1.0,1.0,0.0,0.0,0.0,0.0,0.0,1.0,0.0,0
0.07142857142857142,0.4756497681555986,-0.0233810556150053,0.0,-1.0,1.7142857142857142,-0.430318966502801,-0.21594261202184595,1.7142857142857137,-0.4303189665028011,0.0,1.0,0.0,0.0,0.0,1.0,0.0,1.0,0.0,0.0,0.0,1.0,0.0,0.0,0.0,0.0,0.0,1.0,0.0,1
0.0,0.0,-0.3550338693254679,0.012450715916165178,0.0,1.0,0.3685835143477765,-0.2444819659670531,0.9999999999999992,0.3685835143477765,1.0,0.0,0.0,0.0,0.0,0.0,1.0,1.0,0.0,0.0,0.0,0.0,1.0,0.0,0.0,0.0,0.0,1.0,0.0,0
0.0,0.19892689682452078,-0.3710861424468376,-0.7702842913467519,1.0,-1.0,0.11112381387904423,-0.3245407488380496,-1.0,0.11112381387904421,1.0,0.0,0.0,0.0,0.0,0.0,1.0,0.0,0.0,0.0,1.0,0.0,1.0,0.0,0.0,1.0,0.0,0.0,0.0,1
0.14285714285714285,0.5321808888176732,-0.4746718064519455,-0.019921145465864095,0.5,-0.8571428571428571,0.33520064021950374,-0.4620970075194609,-0.8571428571428573,0.3352006402195038,0.0,0.0,1.0,0.0,0.0,0.0,1.0,0.0,1.0,0.0,0.0,0.0,1.0,0.0,0.0,0.0,0.0,0.0,1.0,1
-0.14285714285714285,4.722118521007558,-0.3228904298008364,-0.014940859099397834,0.0,0.0,-0.4705613353149651,-0.6915376085798478,0.0,-0.4705613353149652,1.0,0.0,0.0,1.0,0.0,0.0,0.0,0.0,0.0,0.0,1.0,1.0,0.0,0.0,0.0,0.0,0.0,1.0,0.0,0
-0.42857142857142855,-0.9700291541058182,0.7309927647141485,0.1344677318945843,1.0,0.0,-0.651194695324111,3.043196584610801,0.0,-0.6511946953241112,1.0,0.0,0.0,0.0,1.0,0.0,0.0,1.0,0.0,0.0,0.0,0.0,1.0,0.0,1.0,0.0,0.0,0.0,0.0,1
-0.42857142857142855,-0.5041636220128795,-0.13395424315486673,0.4880680639136746,0.5,0.14285714285714285,-0.2012118440608208,0.29244047011671775,0.14285714285714232,-0.20121184406082082,0.0,1.0,0.0,0.0,1.0,0.0,0.0,1.0,0.0,0.0,0.0,1.0,0.0,0.0,1.0,0.0,0.0,0.0,0.0,0
0.0,-0.5650997453967108,-0.667101920017232,-0.7121809504046478,-1.0,-1.1428571428571428,-0.9260317823253688,-0.22565689398217595,-1.1428571428571428,-0.926031782325369,1.0,0.0,0.0,0.0,0.0,1.0,0.0,1.0,0.0,0.0,0.0,1.0,0.0,0.0,0.0,0.0,0.0,1.0,0.0,0
-0.42857142857142855,0.08870066164214471,2.360202258002742,1.2110396347789993,0.0,0.42857142857142855,-0.9859380358980221,1.4861314712514586,0.42857142857142844,-0.9859380358980223,1.0,0.0,0.0,1.0,0.0,0.0,0.0,1.0,0.0,0.0,0.0,1.0,0.0,0.0,0.0,0.0,0.0,0.0,1.0,0
-0.5714285714285714,0.45486739854010616,0.2825959437981617,0.19340112056443204,1.5,-0.5714285714285714,-0.6768034754773065,-0.048030312400289335,-0.5714285714285715,-0.6768034754773066,0.0,1.0,0.0,0.0,0.0,1.0,0.0,0.0,0.0,0.0,1.0,1.0,0.0,0.0,0.0,0.0,1.0,0.0,0.0,0
0.07142857142857142,1.905178293796739,-0.6856851190952273,0.5337206889396136,-0.5,-0.14285714285714285,-0.348919629587287,-0.6783772067179,-0.14285714285714307,-0.3489196295872872,0.0,1.0,0.0,0.0,1.0,0.0,0.0,0.0,0.0,0.0,1.0,1.0,0.0,0.0,0.0,1.0,0.0,0.0,0.0,0
-0.21428571428571427,-0.34976639714025565,-0.26800801787896367,-0.4224942934218715,0.0,-1.1428571428571428,-0.7024122556305019,0.01745139509814688,-1.1428571428571428,-0.702412255630502,1.0,0.0,0.0,0.0,1.0,0.0,0.0,1.0,0.0,0.0,0.0,0.0,0.0,1.0,1.0,0.0,0.0,0.0,0.0,0
1.2142857142857142,-0.3513896415897213,0.10565598120080975,0.9279933596181775,0.0,0.5714285714285714,-0.6082085286383904,0.3559077495117206,0.5714285714285707,-0.6082085286383905,0.0,1.0,0.0,0.0,0.0,0.0,1.0,1.0,0.0,0.0,0.0,1.0,0.0,0.0,0.0,0.0,0.0,1.0,0.0,0
-1.4285714285714286,0.0,2.2262702828344647,-0.16019921145465824,0.0,0.8571428571428571,0.6484508974505545,1.5329999592570205,0.8571428571428569,0.6484508974505545,1.0,0.0,0.0,1.0,0.0,0.0,0.0,0.0,0.0,0.0,1.0,0.0,1.0,0.0,1.0,0.0,0.0,0.0,0.0,1
0.8571428571428571,0.26822411506692456,-0.5811117914377073,0.21664245694127426,-0.5,0.7142857142857143,-0.943409168857894,-0.46736440778262617,0.7142857142857139,-0.9434091688578943,1.0,0.0,0.0,0.0,1.0,0.0,0.0,1.0,0.0,0.0,0.0,1.0,0.0,0.0,0.0,0.0,0.0,1.0,0.0,0
1.0,1.5041620873336208,1.0065398310318117,-0.6374766549076567,0.0,1.1428571428571428,-0.027437978735566384,-0.07839550227401014,1.1428571428571423,-0.02743797873556651,0.0,1.0,0.0,0.0,0.0,0.0,1.0,0.0,0.0,0.0,1.0,1.0,0.0,0.0,1.0,0.0,0.0,0.0,0.0,0
-1.4285714285714286,0.26068203864061396,1.650064026998709,-0.6822992322058521,-1.0,1.5714285714285714,-1.0751114667886132,0.8408901832506732,1.5714285714285707,-1.0751114667886135,0.0,1.0,0.0,1.0,0.0,0.0,0.0,1.0,0.0,0.0,0.0,1.0,0.0,0.0,0.0,1.0,0.0,0.0,0.0,0
-0.2857142857142857,-0.6955638973749025,-0.3687565642305107,0.5063291139240506,-1.0,-1.2857142857142858,-0.07957013833314272,0.2629751593848884,-1.2857142857142858,-0.07957013833314268,0.0,1.0,0.0,0.0,0.0,1.0,0.0,1.0,0.0,0.0,0.0,0.0,0.0,1.0,0.0,0.0,1.0,0.0,0.0,0
-0.2857142857142857,-0.7681871914952428,-0.16954382563748108,-0.2921768001660099,-1.0,0.7142857142857143,-0.74494112267063,0.6596428142434156,0.7142857142857139,-0.7449411226706301,0.0,1.0,0.0,1.0,0.0,0.0,0.0,0.0,0.0,0.0,1.0,1.0,0.0,0.0,0.0,0.0,0.0,1.0,0.0,0
-1.0714285714285714,-0.8490489683902923,-0.5530651659897078,0.0,0.0,0.7142857142857143,0.19160855150337247,0.2328997260182423,0.7142857142857139,0.19160855150337258,0.0,1.0,0.0,1.0,0.0,0.0,0.0,0.0,0.0,1.0,0.0,0.0,0.0,1.0,0.0,0.0,1.0,0.0,0.0,0
-0.6428571428571429,0.6580364598281174,-0.1219000507752759,-0.43328491388254853,1.5,-0.42857142857142855,-0.43672116154109986,-0.3160010159325072,-0.4285714285714288,-0.4367211615410999,1.0,0.0,0.0,0.0,1.0,0.0,0.0,1.0,0.0,0.0,0.0,0.0,0.0,1.0,1.0,0.0,0.0,0.0,0.0,0
-0.8571428571428571,1.3770780157175897,-0.006452954229990869,0.5137995434737495,0.5,-0.14285714285714285,-0.13490339544986849,-0.4062497509363937,-0.14285714285714307,-0.13490339544986843,0.0,1.0,0.0,0.0,1.0,0.0,0.0,1.0,0.0,0.0,0.0,1.0,0.0,0.0,0.0,1.0,0.0,0.0,0.0,0
1.3571428571428572,2.6303292793620123,0.6218742905132868,-0.42332434114961603,1.0,-0.2857142857142857,1.5205213215959759,-0.38209934891599334,-0.28571428571428575,1.520521321595976,0.0,1.0,0.0,1.0,0.0,0.0,0.0,1.0,0.0,0.0,0.0,1.0,0.0,0.0,0.0,0.0,1.0,0.0,0.0,0
0.7142857142857143,0.8821798135280866,1.1642408037223764,-0.062253579580825884,-0.5,-0.7142857142857143,-0.41339887961586824,0.1896982885101219,-0.7142857142857142,-0.4133988796158684,0.0,1.0,0.0,0.0,1.0,0.0,0.0,1.0,0.0,0.0,0.0,0.0,1.0,0.0,0.0,1.0,0.0,0.0,0.0,0
1.0,1.3368497590178345,-0.4275015497273145,0.03154181365428474,0.0,0.0,1.3421744598147938,-0.5525406338782982,0.0,1.3421744598147938,1.0,0.0,0.0,0.0,1.0,0.0,0.0,1.0,0.0,0.0,0.0,1.0,0.0,0.0,0.0,0.0,0.0,0.0,1.0,0
0.5714285714285714,-0.40154012027139363,-0.8377384734663488,-1.3322266030296739,0.5,0.14285714285714285,-0.022407682634045887,-0.47956768711216796,0.14285714285714232,-0.022407682634046033,0.0,1.0,0.0,0.0,1.0,0.0,0.0,0.0,1.0,0.0,0.0,1.0,0.0,0.0,0.0,1.0,0.0,0.0,0.0,1
-0.8571428571428571,-0.695260477087972,0.004755219811142334,-1.0168084664868229,0.0,0.2857142857142857,-0.0022864982279639057,0.7468554410416003,0.28571428571428537,-0.0022864982279638757,0.0,1.0,0.0,0.0,0.0,0.0,1.0,1.0,0.0,0.0,0.0,1.0,0.0,0.0,1.0,0.0,0.0,0.0,0.0,0
-0.42857142857142855,0.8912680083202331,0.2589861527461256,0.2581448433284915,0.5,0.2857142857142857,-0.860180633360009,-0.2035622377843776,0.28571428571428537,-0.8601806333600093,1.0,0.0,0.0,0.0,0.0,0.0,1.0,0.0,0.0,0.0,1.0,1.0,0.0,0.0,1.0,0.0,0.0,0.0,0.0,0
0.35714285714285715,0.3888164528541833,0.22039537415746632,0.0,1.5,0.42857142857142855,-0.30090316680004564,-0.05405186054243,0.42857142857142844,-0.3009031668000458,1.0,0.0,0.0,1.0,0.0,0.0,0.0,0.0,0.0,0.0,1.0,1.0,0.0,0.0,0.0,1.0,0.0,0.0,0.0,1
-0.9285714285714286,0.09524569684217694,-0.20002289143516327,0.7661340527080301,0.5,0.8571428571428571,0.6946381616554246,-0.1800624736296744,0.8571428571428569,0.6946381616554248,0.0,1.0,0.0,0.0,1.0,0.0,0.0,0.0,0.0,0.0,1.0,1.0,0.0,0.0,0.0,0.0,0.0,1.0,0.0,0
0.5714285714285714,0.35787748125438307,4.635871404084016,0.7030504253994607,-0.5,-0.5714285714285714,-0.05853435463587505,2.4084292802981064,-0.5714285714285715,-0.05853435463587507,1.0,0.0,0.0,0.0,0.0,0.0,1.0,1.0,0.0,0.0,0.0,1.0,0.0,0.0,0.0,1.0,0.0,0.0,0.0,1
-0.21428571428571427,0.0,1.856729301939152,0.5279103548454037,0.0,0.42857142857142855,-0.5588201669143706,1.2785346287684125,0.42857142857142844,-0.5588201669143708,0.0,1.0,0.0,1.0,0.0,0.0,0.0,0.0,0.0,0.0,1.0,1.0,0.0,0.0,1.0,0.0,0.0,0.0,0.0,0
-0.2857142857142857,1.5308360838627981,0.33926089566012146,1.304835028014111,-0.5,0.2857142857142857,-0.8249685606493655,-0.3111968466795049,0.28571428571428537,-0.8249685606493657,0.0,1.0,0.0,0.0,1.0,0.0,0.0,0.0,1.0,0.0,0.0,1.0,0.0,0.0,0.0,0.0,0.0,1.0,0.0,0
0.5714285714285714,1.5494042966678871,-0.22815324891679079,-0.03818219547624006,0.0,-0.7142857142857143,0.7819823939636448,-0.5054874758702318,-0.7142857142857142,0.7819823939636448,0.0,1.0,0.0,0.0,0.0,1.0,0.0,1.0,0.0,0.0,0.0,1.0,0.0,0.0,0.0,0.0,1.0,0.0,0.0,0
0.35714285714285715,0.5237040507480437,-0.30069791764804477,0.4789375389084875,-0.5,0.2857142857142857,0.6873213673259404,-0.37197708094760484,0.28571428571428537,0.6873213673259404,0.0,1.0,0.0,0.0,1.0,0.0,0.0,1.0,0.0,0.0,0.0,0.0,1.0,0.0,1.0,0.0,0.0,0.0,0.0,0
-0.2857142857142857,0.8856909974152957,-0.0995685357395714,-0.39178252749533127,0.0,-0.7142857142857143,1.5090888304561565,-0.35663297973337776,-0.7142857142857142,1.5090888304561565,1.0,0.0,0.0,0.0,1.0,0.0,0.0,0.0,0.0,0.0,1.0,1.0,0.0,0.0,0.0,1.0,0.0,0.0,0.0,0
0.9285714285714286,0.4906995225585783,2.0888577580540186,1.4318323303589953,-0.5,-0.5714285714285714,-0.6800045729964559,0.8721145894645279,-0.5714285714285715,-0.6800045729964561,0.0,1.0,0.0,0.0,0.0,0.0,1.0,0.0,0.0,1.0,0.0,1.0,0.0,0.0,0.0,0.0,1.0,0.0,0.0,0
-0.8571428571428571,-0.328511806040772,-0.10855844397200129,1.4202116621705747,0.5,-0.2857142857142857,0.7700926031782327,0.14273072785242139,-0.28571428571428575,0.7700926031782329,0.0,1.0,0.0,1.0,0.0,0.0,0.0,0.0,0.0,1.0,0.0,0.0,1.0,0.0,0.0,0.0,0.0,1.0,0.0,0
0.5,0.0,0.0058199818942552715,0.02905167047105208,0.5,-0.14285714285714285,-0.8752715216645708,0.0040014208720559,-0.14285714285714307,-0.8752715216645708,1.0,0.0,0.0,1.0,0.0,0.0,0.0,0.0,0.0,0.0,1.0,1.0,0.0,0.0,0.0,0.0,0.0,1.0,0.0,0
0.5,-0.7918991894479942,-0.2907996462197715,0.293836895621498,0.5,0.42857142857142855,-0.2734651880644793,0.5318633812467235,0.42857142857142844,-0.2734651880644794,1.0,0.0,0.0,0.0,0.0,0.0,1.0,0.0,0.0,1.0,0.0,1.0,0.0,0.0,1.0,0.0,0.0,0.0,0.0,0
-0.21428571428571427,1.172864885763107,1.17685315460884,0.9794563187383273,-1.0,-1.2857142857142858,0.15593917914713634,0.08195724380978506,-1.2857142857142858,0.1559391791471363,0.0,1.0,0.0,0.0,1.0,0.0,0.0,1.0,0.0,0.0,0.0,0.0,1.0,0.0,0.0,0.0,0.0,1.0,0.0,1
0.2857142857142857,-0.7115916007828973,2.7963170319124546,-0.08300477277443452,-1.0,1.0,0.6864067680347546,4.476714529363875,0.9999999999999992,0.6864067680347548,1.0,0.0,0.0,0.0,0.0,1.0,0.0,0.0,1.0,0.0,0.0,1.0,0.0,0.0,0.0,0.0,0.0,1.0,0.0,0
-1.0,0.25787997122077516,0.4049749627250352,-0.4424154388877356,-0.5,-0.2857142857142857,-0.8350291528524064,0.11325680426124524,-0.28571428571428575,-0.8350291528524066,0.0,1.0,0.0,0.0,1.0,0.0,0.0,0.0,1.0,0.0,0.0,0.0,1.0,0.0,1.0,0.0,0.0,0.0,0.0,0
0.7142857142857143,-0.5482379607133332,0.08351243659825631,0.6374766549076567,-0.5,-0.8571428571428571,1.4981136389619298,0.58340790981893,-0.8571428571428573,1.49811363896193,1.0,0.0,0.0,0.0,1.0,0.0,0.0,1.0,0.0,0.0,0.0,0.0,1.0,0.0,0.0,1.0,0.0,0.0,0.0,0
-0.14285714285714285,0.5338471583719969,0.048084097459820827,0.07636439095248013,1.0,-1.0,0.04984566136961243,-0.1977374641886105,-1.0,0.04984566136961254,1.0,0.0,0.0,0.0,0.0,1.0,0.0,0.0,0.0,0.0,1.0,1.0,0.0,0.0,0.0,0.0,0.0,0.0,1.0,0
-0.42857142857142855,-0.022792610144826118,-0.8862079119656484,0.15023863872172666,-0.5,-0.5714285714285714,-0.655310392134446,-0.6066783621884011,-0.5714285714285715,-0.6553103921344462,1.0,0.0,0.0,0.0,0.0,0.0,1.0,1.0,0.0,0.0,0.0,1.0,0.0,0.0,0.0,0.0,0.0,0.0,1.0,1
0.8571428571428571,-0.8639408198471589,0.7187340867073974,-0.5677526457771319,0.0,-0.14285714285714285,0.3640105178918487,2.357325929361225,-0.14285714285714307,0.36401051789184874,0.0,1.0,0.0,1.0,0.0,0.0,0.0,0.0,1.0,0.0,0.0,1.0,0.0,0.0,0.0,0.0,0.0,1.0,0.0,1
-0.5714285714285714,0.391926402623996,0.1242773303769668,-1.1911184893131352,-0.5,-0.7142857142857143,1.07785526466217,-0.10770263546180786,-0.7142857142857142,1.0778552646621702,0.0,1.0,0.0,0.0,0.0,0.0,1.0,0.0,0.0,0.0,1.0,1.0,0.0,0.0,0.0,0.0,0.0,1.0,0.0,0
-1.0714285714285714,3.7216397002675405,0.3834294608228873,0.1875907864702222,0.0,-1.7142857142857142,-0.2254487252772379,-0.5246550854247659,-1.7142857142857142,-0.225448725277238,0.0,1.0,0.0,0.0,0.0,0.0,1.0,1.0,0.0,0.0,0.0,1.0,0.0,0.0,1.0,0.0,0.0,0.0,0.0,1
-1.2142857142857142,0.9321798801209974,-0.4099294383519015,0.6590578958290099,-1.0,-0.14285714285714285,-0.06082085286383895,-0.4971319643737389,-0.14285714285714307,-0.060820852863838946,0.0,1.0,0.0,0.0,1.0,0.0,0.0,0.0,0.0,0.0,1.0,1.0,0.0,0.0,0.0,1.0,0.0,0.0,0.0,0
0.5,0.005787309288298852,-0.2347182312128125,-0.13861797053330602,1.0,-0.2857142857142857,-0.7111009488967646,-0.16426596196380028,-0.28571428571428575,-0.7111009488967648,0.0,1.0,0.0,1.0,0.0,0.0,0.0,1.0,0.0,0.0,0.0,1.0,0.0,0.0,0.0,0.0,0.0,1.0,0.0,1
-1.0,0.36604400312146995,-0.2502713876458931,1.0342394687694543,0.0,-0.14285714285714285,0.005030296101520495,-0.30431269761795254,-0.14285714285714307,0.005030296101520476,1.0,0.0,0.0,1.0,0.0,0.0,0.0,0.0,1.0,0.0,0.0,1.0,0.0,0.0,1.0,0.0,0.0,0.0,0.0,0
1.3571428571428572,-0.6042613797295222,1.0682246036382688,-0.4756173479975094,-1.0,-0.2857142857142857,-0.18337715788270256,1.8186484204016038,-0.28571428571428575,-0.18337715788270254,0.0,1.0,0.0,0.0,0.0,0.0,1.0,0.0,0.0,1.0,0.0,1.0,0.0,0.0,0.0,0.0,0.0,1.0,0.0,0
-1.4285714285714286,0.0,-0.23135072810363788,-0.7229715708653248,0.0,-0.42857142857142855,-0.16371327312221326,-0.15931395204169596,-0.4285714285714288,-0.16371327312221337,0.0,1.0,0.0,0.0,0.0,1.0,0.0,0.0,1.0,0.0,0.0,1.0,0.0,0.0,1.0,0.0,0.0,0.0,0.0,0
1.3571428571428572,-0.326904003033716,3.103335672137121,-0.026561527287819423,0.5,0.7142857142857143,-0.4010517891848634,2.9786525378224535,0.7142857142857139,-0.40105178918486345,1.0,0.0,0.0,0.0,0.0,0.0,1.0,1.0,0.0,0.0,0.0,1.0,0.0,0.0,0.0,0.0,0.0,1.0,0.0,1
0.14285714285714285,0.8999313335822579,0.3858533132716849,-0.03735214774849553,0.0,0.8571428571428571,-0.988224534125986,-0.15150885786511079,0.8571428571428569,-0.9882245341259863,0.0,1.0,0.0,0.0,0.0,1.0,0.0,0.0,1.0,0.0,0.0,0.0,1.0,0.0,0.0,0.0,0.0,1.0,0.0,0
-0.07142857142857142,2.2591089991610844,-0.6420507654080206,0.5636024071384101,0.0,0.42857142857142855,-0.36218131930947745,-0.6816508113803529,0.42857142857142844,-0.36218131930947756,1.0,0.0,0.0,1.0,0.0,0.0,0.0,0.0,0.0,0.0,1.0,1.0,0.0,0.0,0.0,0.0,0.0,1.0,0.0,0
-0.42857142857142855,-0.5274624058850337,-0.07149848624140168,-0.5262502593899147,0.0,0.0,-0.06676574825654515,0.3867904345253472,0.0,-0.06676574825654512,0.0,1.0,0.0,0.0,0.0,0.0,1.0,1.0,0.0,0.0,0.0,1.0,0.0,0.0,0.0,0.0,0.0,0.0,1.0,0
0.2857142857142857,1.2066063574676473,-0.38040877678791124,0.9860967005602816,-1.0,0.42857142857142855,-0.4792500285812279,-0.5207958742703068,0.42857142857142844,-0.47925002858122795,0.0,1.0,0.0,0.0,1.0,0.0,0.0,0.0,0.0,1.0,0.0,0.0,0.0,1.0,1.0,0.0,0.0,0.0,0.0,0
0.0,-1.031668011854728,-0.8861942728926756,1.4085909939821541,-1.0,0.14285714285714285,-0.6265005144621013,-0.08725832689715517,0.14285714285714232,-0.6265005144621014,0.0,1.0,0.0,0.0,0.0,0.0,1.0,0.0,0.0,0.0,1.0,1.0,0.0,0.0,1.0,0.0,0.0,0.0,0.0,0
0.8571428571428571,-0.711450139863028,2.0157280661003023,-0.006640381821954384,-0.5,-0.8571428571428571,-0.44769635303532634,3.44236056599289,-0.8571428571428573,-0.44769635303532646,0.0,1.0,0.0,1.0,0.0,0.0,0.0,0.0,0.0,1.0,0.0,1.0,0.0,0.0,0.0,1.0,0.0,0.0,0.0,0
0.07142857142857142,-0.6048455313888793,0.6705238957413145,0.9022618800581036,0.5,0.2857142857142857,-0.05487595747113293,1.357862471203489,0.28571428571428537,-0.05487595747113302,1.0,0.0,0.0,0.0,1.0,0.0,0.0,0.0,1.0,0.0,0.0,1.0,0.0,0.0,0.0,1.0,0.0,0.0,0.0,1
0.14285714285714285,-0.7757623683164911,0.4874401983964753,-0.7246316663208129,1.0,-0.42857142857142855,-0.176517663198811,1.6245748419994663,-0.4285714285714288,-0.17651766319881115,0.0,1.0,0.0,0.0,1.0,0.0,0.0,1.0,0.0,0.0,0.0,0.0,1.0,0.0,0.0,0.0,0.0,1.0,0.0,1
-0.2857142857142857,-0.8601288929108452,4.635871404084016,0.7794148163519399,0.0,0.8571428571428571,0.3726992111581113,8.761947827991746,0.8571428571428569,0.3726992111581113,1.0,0.0,0.0,0.0,0.0,1.0,0.0,1.0,0.0,0.0,0.0,1.0,0.0,0.0,0.0,1.0,0.0,0.0,0.0,0
-0.07142857142857142,0.3840036175702874,-0.6776612946617038,0.7594936708860758,0.0,0.2857142857142857,-0.5798559506116383,-0.5432130287533936,0.28571428571428537,-0.5798559506116384,0.0,1.0,0.0,0.0,1.0,0.0,0.0,0.0,1.0,0.0,0.0,1.0,0.0,0.0,0.0,0.0,1.0,0.0,0.0,0
0.21428571428571427,-0.16049860931354373,-0.2915247182874332,0.6300062253579578,0.0,0.0,-0.9818223390876871,-0.12328902974417758,0.0,-0.9818223390876875,0.0,1.0,0.0,0.0,1.0,0.0,0.0,0.0,0.0,1.0,0.0,1.0,0.0,0.0,0.0,0.0,1.0,0.0,0.0,0
-1.3571428571428572,0.34983113761859,0.8343525834411772,0.00996057273293252,-1.0,-1.5714285714285714,-0.25197210472161874,0.30470531160897624,-1.5714285714285712,-0.2519721047216188,1.0,0.0,0.0,0.0,0.0,0.0,1.0,0.0,0.0,0.0,1.0,0.0,0.0,1.0,0.0,0.0,0.0,1.0,0.0,0
-1.0714285714285714,0.6917614624636079,-0.5589892211315458,-1.7392405063291134,-1.0,-0.14285714285714285,0.8793872184749059,-0.5293367918543622,-0.14285714285714307,0.879387218474906,0.0,1.0,0.0,1.0,0.0,0.0,0.0,0.0,0.0,1.0,0.0,1.0,0.0,0.0,0.0,0.0,0.0,0.0,1.0,1
0.5714285714285714,0.23866264993554387,-0.8862079119656484,-0.43162481842705946,-1.0,0.7142857142857143,-0.20212644335200633,-0.6419441449449248,0.7142857142857139,-0.20212644335200627,1.0,0.0,0.0,0.0,0.0,1.0,0.0,0.0,0.0,0.0,1.0,1.0,0.0,0.0,0.0,0.0,0.0,1.0,0.0,0
0.14285714285714285,0.6529930305347156,-0.13734329859222358,-0.4208341979663834,-1.0,-2.142857142857143,1.0216074082542588,-0.3221489664556736,-2.1428571428571423,1.021607408254259,1.0,0.0,0.0,0.0,0.0,0.0,1.0,0.0,0.0,0.0,1.0,0.0,1.0,0.0,0.0,0.0,0.0,0.0,1.0,0
-0.14285714285714285,-0.05110421085362632,-0.08055214312270814,-0.6698485162896869,-0.5,0.2857142857142857,1.46518806447925,-0.027508753478982587,0.28571428571428537,1.4651880644792503,1.0,0.0,0.0,0.0,1.0,0.0,0.0,0.0,0.0,0.0,1.0,1.0,0.0,0.0,0.0,0.0,0.0,1.0,0.0,0
0.0,-0.7083918148104835,0.12540306105129803,0.0,0.0,-0.14285714285714285,-0.9081970961472505,0.9328370104196879,-0.14285714285714307,-0.9081970961472506,1.0,0.0,0.0,0.0,1.0,0.0,0.0,0.0,0.0,0.0,1.0,0.0,0.0,1.0,0.0,1.0,0.0,0.0,0.0,0
0.2857142857142857,1.178600205256252,0.6995009321691599,-0.27474579788337844,0.5,0.7142857142857143,0.13673259403223972,-0.10315664558593642,0.7142857142857139,0.13673259403223983,0.0,1.0,0.0,0.0,0.0,1.0,0.0,0.0,0.0,1.0,0.0,1.0,0.0,0.0,0.0,1.0,0.0,0.0,0.0,0
-0.42857142857142855,-0.4069350790041727,0.597696844717822,-0.5611122639551775,2.0,-0.5714285714285714,1.924316908654396,0.8845910571141007,-0.5714285714285715,1.9243169086543965,0.0,1.0,0.0,1.0,0.0,0.0,0.0,0.0,0.0,0.0,1.0,0.0,1.0,0.0,0.0,1.0,0.0,0.0,0.0,1
-0.6428571428571429,-0.5935816616997256,0.22849040660249378,-0.726291761776302,0.5,0.2857142857142857,0.8007316794329483,0.8224285308456072,0.28571428571428537,0.8007316794329485,0.0,1.0,0.0,0.0,0.0,1.0,0.0,0.0,0.0,0.0,1.0,1.0,0.0,0.0,0.0,0.0,1.0,0.0,0.0,0
0.14285714285714285,-0.13394795502400006,1.319692847394027,-0.48391782527495286,0.0,0.0,0.8665828283983081,1.0822955315783889,0.0,0.8665828283983081,1.0,0.0,0.0,0.0,0.0,0.0,1.0,0.0,1.0,0.0,0.0,0.0,1.0,0.0,0.0,1.0,0.0,0.0,0.0,1
-0.7857142857142857,-0.5823697682843223,-0.7203018190240681,0.8117866777339692,0.0,-1.1428571428571428,-0.42848976792042975,-0.2742245616470607,-1.1428571428571428,-0.42848976792042986,0.0,0.0,1.0,0.0,0.0,1.0,0.0,1.0,0.0,0.0,0.0,0.0,0.0,1.0,0.0,1.0,0.0,0.0,0.0,0
0.2857142857142857,-0.30041040906551125,0.4583955322491611,-0.44573562979871373,-1.0,0.5714285714285714,-0.3882473991082656,0.6090049626894443,0.5714285714285707,-0.38824739910826567,0.0,1.0,0.0,0.0,1.0,0.0,0.0,0.0,1.0,0.0,0.0,1.0,0.0,0.0,1.0,0.0,0.0,0.0,0.0,1
-1.3571428571428572,0.3145457380155257,0.5856784077332617,-0.34280971155841417,-0.5,1.0,0.2263633245684236,0.18589067202932721,0.9999999999999992,0.2263633245684237,1.0,0.0,0.0,0.0,0.0,0.0,1.0,0.0,0.0,0.0,1.0,1.0,0.0,0.0,1.0,0.0,0.0,0.0,0.0,0
0.7857142857142857,0.3187890788410911,-0.6294281475759477,-0.3013073251711969,0.0,-0.2857142857142857,0.6704012804390078,-0.5051747047261271,-0.28571428571428575,0.6704012804390078,0.0,1.0,0.0,0.0,1.0,0.0,0.0,0.0,0.0,0.0,1.0,1.0,0.0,0.0,1.0,0.0,0.0,0.0,0.0,1
0.35714285714285715,-0.5749212870106917,-0.7154691154276981,0.25980493878397964,-0.5,-0.14285714285714285,0.04024236881216429,-0.2734222020205185,-0.14285714285714307,0.040242368812164316,1.0,0.0,0.0,1.0,0.0,0.0,0.0,1.0,0.0,0.0,0.0,1.0,0.0,0.0,0.0,0.0,0.0,1.0,0.0,1
0.21428571428571427,-0.3452336982870471,-0.4264790390155425,0.34280971155841417,-0.5,-0.2857142857142857,0.8867040128043902,-0.12820535375831546,-0.28571428571428575,0.8867040128043904,0.0,1.0,0.0,0.0,1.0,0.0,0.0,0.0,0.0,0.0,1.0,1.0,0.0,0.0,0.0,0.0,1.0,0.0,0.0,0
0.7857142857142857,1.2028887828825905,-0.38535367360225226,-1.7392405063291134,-1.0,-0.14285714285714285,1.254372927860981,-0.5222354714241721,-0.14285714285714307,1.2543729278609812,0.0,0.0,1.0,0.0,1.0,0.0,0.0,0.0,0.0,0.0,1.0,1.0,0.0,0.0,0.0,0.0,1.0,0.0,0.0,0
1.2857142857142858,0.4716225263953508,0.7283673718477891,0.7412326208756999,-1.0,0.8571428571428571,-0.9635303532639763,0.17806933798107477,0.8571428571428569,-0.9635303532639764,1.0,0.0,0.0,0.0,0.0,1.0,0.0,0.0,0.0,0.0,1.0,1.0,0.0,0.0,0.0,1.0,0.0,0.0,0.0,0
0.7857142857142857,3.1739440695135874,-0.36153185498445795,0.0,0.5,-0.2857142857142857,1.0810563621813194,-0.6510315760995414,-0.28571428571428575,1.0810563621813198,0.0,1.0,0.0,0.0,1.0,0.0,0.0,0.0,0.0,0.0,1.0,1.0,0.0,0.0,0.0,1.0,0.0,0.0,0.0,0
-1.4285714285714286,1.3637890454770283,-0.4772259913068011,-0.7204814276820912,-0.5,0.0,0.947524865668229,-0.5730853528065475,0.0,0.947524865668229,0.0,1.0,0.0,0.0,0.0,0.0,1.0,0.0,0.0,0.0,1.0,1.0,0.0,0.0,0.0,1.0,0.0,0.0,0.0,1
-1.0,1.3082369284894158,-0.360037367553219,-0.6648682299232207,-0.5,-0.8571428571428571,-0.06996684577569441,-0.5249258090927243,-0.8571428571428573,-0.06996684577569445,0.0,1.0,0.0,0.0,0.0,0.0,1.0,0.0,0.0,0.0,1.0,1.0,0.0,0.0,0.0,0.0,0.0,1.0,0.0,0
-0.5,-0.7893770691591984,1.2052564256714737,-0.2971570865324752,1.0,2.142857142857143,-0.6992111581113525,2.730044887485131,2.1428571428571423,-0.6992111581113527,0.0,1.0,0.0,1.0,0.0,0.0,0.0,1.0,0.0,0.0,0.0,1.0,0.0,0.0,0.0,0.0,0.0,1.0,0.0,1
0.0,0.7813230994520227,0.030175461481141773,-0.5129694957460049,0.5,-0.2857142857142857,0.7371670286955526,-0.2758941292409011,-0.28571428571428575,0.7371670286955527,0.0,1.0,0.0,0.0,0.0,0.0,1.0,0.0,0.0,1.0,0.0,1.0,0.0,0.0,0.0,0.0,0.0,1.0,0.0,0
0.42857142857142855,-0.03811298191066784,-0.10585895293518592,0.17846026146503421,0.0,-1.0,0.05121756030639081,-0.052691461173468145,-1.0,0.05121756030639072,1.0,0.0,0.0,0.0,0.0,1.0,0.0,0.0,0.0,0.0,1.0,1.0,0.0,0.0,1.0,0.0,0.0,0.0,0.0,1
-0.5714285714285714,-0.3841372631191295,-0.05867085980102476,0.0,1.5,0.5714285714285714,0.14633588658968802,0.23880036826835724,0.5714285714285707,0.14633588658968805,1.0,0.0,0.0,1.0,0.0,0.0,0.0,1.0,0.0,0.0,0.0,1.0,0.0,0.0,0.0,0.0,1.0,0.0,0.0,1
0.14285714285714285,0.14869723680593816,1.471020634241666,-0.7677941481635192,0.0,-0.2857142857142857,-0.5057734080256088,0.8441458563859249,-0.28571428571428575,-0.5057734080256089,1.0,0.0,0.0,0.0,0.0,0.0,1.0,0.0,0.0,0.0,1.0,1.0,0.0,0.0,0.0,0.0,0.0,0.0,1.0,1
0.0,1.0187848730086377,-0.4280117040702666,1.1064536210832117,-0.5,1.1428571428571428,-0.44906825197210476,-0.5163433006074715,1.1428571428571423,-0.44906825197210487,0.0,1.0,0.0,0.0,0.0,1.0,0.0,0.0,0.0,0.0,1.0,1.0,0.0,0.0,1.0,0.0,0.0,0.0,0.0,0
-0.5,0.47639152529019924,1.5091219850558553,-0.6341564639966795,1.0,0.8571428571428571,0.0539613581799474,0.5824825650496798,0.8571428571428569,0.053961358179947315,1.0,0.0,0.0,0.0,0.0,0.0,1.0,1.0,0.0,0.0,0.0,1.0,0.0,0.0,0.0,0.0,0.0,1.0,0.0,1
-1.0714285714285714,-0.5652059965827493,0.18718942962623636,0.8981116414193818,1.0,0.0,0.5451011775465875,0.7250862291410954,0.0,0.5451011775465876,1.0,0.0,0.0,0.0,0.0,0.0,1.0,0.0,0.0,0.0,1.0,0.0,1.0,0.0,0.0,0.0,0.0,0.0,1.0,0
-0.7142857142857143,0.7548305601532644,-0.09321940702925323,0.27142560697240126,1.0,2.2857142857142856,-0.41111238138790435,-0.3255329419749132,2.2857142857142847,-0.4111123813879044,0.0,1.0,0.0,0.0,1.0,0.0,0.0,0.0,0.0,1.0,0.0,1.0,0.0,0.0,1.0,0.0,0.0,0.0,0.0,0
-1.0714285714285714,-0.43523632231815146,4.336001704698327,-1.2558622120771938,0.5,-0.7142857142857143,1.0485880873442324,4.575012064854356,-0.7142857142857142,1.0485880873442324,1.0,0.0,0.0,0.0,0.0,0.0,1.0,0.0,0.0,0.0,1.0,0.0,1.0,0.0,0.0,1.0,0.0,0.0,0.0,0
-0.7857142857142857,0.19295368176416275,-0.5607349046636686,0.468976966175555,-0.5,0.14285714285714285,0.6196410197782098,-0.43826090612767193,0.14285714285714232,0.6196410197782101,1.0,0.0,0.0,0.0,0.0,0.0,1.0,0.0,0.0,0.0,1.0,0.0,1.0,0.0,0.0,0.0,1.0,0.0,0.0,0
0.8571428571428571,-0.22385503682036947,-0.21639195350295756,-0.062253579580825884,0.5,-0.14285714285714285,0.655767691780039,-0.026337280920009275,-0.14285714285714307,0.6557676917800391,0.0,1.0,0.0,0.0,0.0,1.0,0.0,1.0,0.0,0.0,0.0,0.0,1.0,0.0,0.0,0.0,0.0,0.0,1.0,0
-0.7142857142857143,-0.1639834264645891,-0.6269036350196624,-0.3004772774434533,-1.0,-0.14285714285714285,1.744140848290843,-0.38105819680382497,-0.14285714285714307,1.7441408482908434,0.0,1.0,0.0,0.0,0.0,1.0,0.0,1.0,0.0,0.0,0.0,0.0,0.0,1.0,0.0,0.0,1.0,0.0,0.0,0
2.0714285714285716,0.7842918587300294,0.9752875513759302,0.19340112056443204,-1.0,0.8571428571428571,-0.5574482679775922,0.14901387121941098,0.8571428571428569,-0.5574482679775924,0.0,1.0,0.0,0.0,1.0,0.0,0.0,0.0,0.0,0.0,1.0,1.0,0.0,0.0,0.0,0.0,0.0,0.0,1.0,0
0.35714285714285715,-0.6432852309641239,2.1945835434748413,0.35526042747457937,1.0,-0.42857142857142855,0.6415914027666629,3.3122317656509916,-0.4285714285714288,0.6415914027666629,0.0,1.0,0.0,0.0,0.0,0.0,1.0,1.0,0.0,0.0,0.0,1.0,0.0,0.0,0.0,0.0,0.0,1.0,0.0,0
0.14285714285714285,0.0,2.1553600127530332,0.5196098775679603,1.5,0.5714285714285714,1.3504058534354637,1.4841712602921828,0.5714285714285707,1.350405853435464,1.0,0.0,0.0,0.0,1.0,0.0,0.0,1.0,0.0,0.0,0.0,0.0,0.0,1.0,0.0,0.0,0.0,1.0,0.0,0
-0.6428571428571429,-0.936358128911746,1.3633359266087353,0.8524590163934428,0.0,-1.2857142857142858,-0.28123928203955634,3.9856917217040153,-1.2857142857142858,-0.28123928203955645,1.0,0.0,0.0,0.0,0.0,0.0,1.0,0.0,0.0,0.0,1.0,1.0,0.0,0.0,0.0,1.0,0.0,0.0,0.0,0
0.5714285714285714,-0.4119850256138982,-0.11805143253928256,0.30877775472089675,-0.5,-0.2857142857142857,-0.1518234823368012,0.21020656317198627,-0.28571428571428575,-0.15182348233680126,1.0,0.0,0.0,1.0,0.0,0.0,0.0,1.0,0.0,0.0,0.0,1.0,0.0,0.0,0.0,0.0,1.0,0.0,0.0,0
-0.42857142857142855,0.3405886906591842,-0.2233135538882901,0.0,-0.5,-0.14285714285714285,0.7842688921916084,-0.2817542049797684,-0.14285714285714307,0.7842688921916087,0.0,1.0,0.0,1.0,0.0,0.0,0.0,0.0,0.0,0.0,1.0,0.0,1.0,0.0,1.0,0.0,0.0,0.0,0.0,1
0.07142857142857142,0.5684388288644882,-0.7637552212355778,-0.3137580410873621,-0.5,-0.14285714285714285,0.602720932891277,-0.6126513627066588,-0.14285714285714307,0.602720932891277,0.0,1.0,0.0,0.0,1.0,0.0,0.0,0.0,0.0,0.0,1.0,0.0,1.0,0.0,0.0,0.0,0.0,0.0,1.0,0
2.0,-0.07526141452685328,2.9837082772094865,1.4318323303589953,0.5,1.1428571428571428,-0.7444838230250372,2.209298908215476,1.1428571428571423,-0.7444838230250374,1.0,0.0,0.0,0.0,1.0,0.0,0.0,0.0,0.0,1.0,0.0,0.0,0.0,1.0,0.0,1.0,0.0,0.0,0.0,0
-0.07142857142857142,-0.04151250605057449,0.4229596236468044,0.5320605934841254,-1.0,0.0,0.23871041499942833,0.32379593734449164,0.0,0.23871041499942827,1.0,0.0,0.0,0.0,1.0,0.0,0.0,0.0,0.0,0.0,1.0,0.0,0.0,1.0,0.0,0.0,0.0,1.0,0.0,0
0.9285714285714286,0.3814911786061546,-0.29615007362301454,1.4318323303589953,0.0,-0.14285714285714285,-1.0412712930147479,-0.33386894567912695,-0.14285714285714307,-1.0412712930147483,0.0,1.0,0.0,0.0,0.0,1.0,0.0,0.0,0.0,0.0,1.0,0.0,1.0,0.0,1.0,0.0,0.0,0.0,0.0,1
-0.5714285714285714,-0.17280441128746996,1.529733910565972,1.005187798298402,-1.0,-0.2857142857142857,0.8213101634846234,1.3030012600514491,-0.28571428571428575,0.8213101634846234,0.0,1.0,0.0,0.0,0.0,1.0,0.0,1.0,0.0,0.0,0.0,1.0,0.0,0.0,0.0,0.0,1.0,0.0,0.0,0
0.0,1.7176611220372684,-0.5272162174085463,0.19174102510894392,0.0,0.5714285714285714,-0.3978506916657139,-0.6184201875234518,0.5714285714285707,-0.397850691665714,1.0,0.0,0.0,0.0,0.0,1.0,0.0,0.0,0.0,1.0,0.0,0.0,0.0,1.0,0.0,0.0,0.0,1.0,0.0,0
1.3571428571428572,0.8772993171427734,0.36269248776879565,0.23324341149616118,-1.0,-0.5714285714285714,0.6607979878815595,-0.15493692947031387,-0.5714285714285715,0.6607979878815596,0.0,1.0,0.0,0.0,1.0,0.0,0.0,0.0,0.0,0.0,1.0,1.0,0.0,0.0,0.0,1.0,0.0,0.0,0.0,0
-0.5,0.9211517155317444,-0.10143070644010739,-0.00498028636646626,1.5,-0.8571428571428571,-0.6050074311192409,-0.36453757099765605,-0.8571428571428573,-0.605007431119241,0.0,1.0,0.0,0.0,0.0,0.0,1.0,0.0,0.0,0.0,1.0,1.0,0.0,0.0,1.0,0.0,0.0,0.0,0.0,0
1.4285714285714286,-0.6084004705367171,0.5988644689342907,-1.2052293006847896,0.0,-0.14285714285714285,0.0022864982279639057,1.2831109515700252,-0.14285714285714307,0.0022864982279638757,1.0,0.0,0.0,1.0,0.0,0.0,0.0,1.0,0.0,0.0,0.0,0.0,0.0,1.0,1.0,0.0,0.0,0.0,0.0,0
0.5714285714285714,-0.058843456380828905,-0.025913275261828187,0.0332019091097738,0.0,1.4285714285714286,-0.7161312449982851,0.01608056933183099,1.4285714285714277,-0.7161312449982852,0.0,1.0,0.0,0.0,1.0,0.0,0.0,1.0,0.0,0.0,0.0,1.0,0.0,0.0,0.0,1.0,0.0,0.0,0.0,0
-0.42857142857142855,-0.22185668160441427,-0.6995546065496907,0.8748703050425396,2.5,-0.7142857142857143,-0.6100377272207614,-0.41887481416770167,-0.7142857142857142,-0.6100377272207614,0.0,1.0,0.0,0.0,0.0,1.0,0.0,1.0,0.0,0.0,0.0,1.0,0.0,0.0,0.0,1.0,0.0,0.0,0.0,0
0.5,-0.6271627154771652,0.0779038767126454,-0.4025731479560074,-0.5,-0.2857142857142857,-0.6315308105636218,0.707928000297011,-0.28571428571428575,-0.6315308105636219,0.0,1.0,0.0,0.0,0.0,1.0,0.0,1.0,0.0,0.0,0.0,1.0,0.0,0.0,0.0,0.0,0.0,0.0,1.0,0
0.7857142857142857,0.3305408277990962,1.1059025324033787,0.31126789790412945,0.5,-0.2857142857142857,-0.5190350977477991,0.46977270797844134,-0.28571428571428575,-0.5190350977477993,0.0,1.0,0.0,0.0,1.0,0.0,0.0,1.0,0.0,0.0,0.0,0.0,1.0,0.0,0.0,0.0,1.0,0.0,0.0,0
0.5,-0.3760502471026285,-0.00108014873886499,0.6217057480805144,-1.0,-0.14285714285714285,0.8290842574597006,0.28405814388443684,-0.14285714285714307,0.8290842574597007,1.0,0.0,0.0,0.0,1.0,0.0,0.0,0.0,0.0,0.0,1.0,1.0,0.0,0.0,0.0,1.0,0.0,0.0,0.0,0
-1.2142857142857142,0.6502235226536877,0.7538721988364401,-0.6208757003527698,-0.5,0.0,-0.1152395106893792,0.10512354089136686,0.0,-0.11523951068937924,0.0,1.0,0.0,0.0,0.0,1.0,0.0,1.0,0.0,0.0,0.0,0.0,1.0,0.0,0.0,1.0,0.0,0.0,0.0,1
0.0,0.0,-0.5567346218960217,-0.2979871342602197,0.0,-0.8571428571428571,0.07774093975077166,-0.3833727827265805,-0.8571428571428573,0.07774093975077177,0.0,1.0,0.0,0.0,0.0,0.0,1.0,1.0,0.0,0.0,0.0,1.0,0.0,0.0,1.0,0.0,0.0,0.0,0.0,0
-0.21428571428571427,2.345841174366856,0.0010801487388651502,-0.6972400913052499,-0.5,-0.5714285714285714,-0.1006059220304104,-0.5137071709076564,-0.5714285714285715,-0.10060592203041054,1.0,0.0,0.0,0.0,0.0,1.0,0.0,0.0,1.0,0.0,0.0,0.0,1.0,0.0,0.0,0.0,0.0,1.0,0.0,0
-0.07142857142857142,-0.5741733911590562,-0.36664198631486333,-0.5594521684996885,0.0,-0.42857142857142855,-0.9891391334171715,0.11812561461489646,-0.4285714285714288,-0.9891391334171717,1.0,0.0,0.0,0.0,0.0,1.0,0.0,0.0,1.0,0.0,0.0,0.0,1.0,0.0,0.0,0.0,0.0,1.0,0.0,0
0.5,0.195369253396051,0.720861959354222,-0.8873210209587048,-1.0,0.14285714285714285,0.4957128158225679,0.340919308762462,0.14285714285714232,0.4957128158225681,1.0,0.0,0.0,0.0,1.0,0.0,0.0,0.0,0.0,0.0,1.0,1.0,0.0,0.0,0.0,0.0,1.0,0.0,0.0,1
0.14285714285714285,0.8164568429972345,0.044070327283732946,-0.6142353185308154,-0.5,-0.42857142857142855,1.1350177203612668,-0.27832676551258945,-0.4285714285714288,1.1350177203612668,0.0,1.0,0.0,0.0,0.0,0.0,1.0,0.0,0.0,0.0,1.0,1.0,0.0,0.0,0.0,1.0,0.0,0.0,0.0,0
-1.0714285714285714,-0.39595069671835464,0.6557717537430159,1.0226188005810335,-1.0,-0.2857142857142857,-0.39510689379215735,0.9217316264246344,-0.28571428571428575,-0.3951068937921574,0.0,1.0,0.0,0.0,0.0,1.0,0.0,0.0,0.0,0.0,1.0,1.0,0.0,0.0,0.0,0.0,1.0,0.0,0.0,0
0.2857142857142857,0.8943896946679893,1.160708286299724,-0.6250259389914915,1.0,0.14285714285714285,-0.9786212415685377,0.1828978062384698,0.14285714285714232,-0.978621241568538,0.0,0.0,1.0,0.0,0.0,1.0,0.0,1.0,0.0,0.0,0.0,0.0,0.0,1.0,0.0,0.0,0.0,1.0,0.0,0
0.5,-0.7261513936209386,0.6575096200833075,0.10956630006225393,0.0,0.2857142857142857,-0.442208757288213,1.6925451505844478,0.28571428571428537,-0.44220875728821313,1.0,0.0,0.0,1.0,0.0,0.0,0.0,0.0,0.0,0.0,1.0,0.0,1.0,0.0,0.0,0.0,1.0,0.0,0.0,1
0.42857142857142855,1.8230990497610822,0.2409989319692847,-0.33367918655322715,-0.5,-1.0,0.16920086886932675,-0.3881945788549558,-1.0,0.1692008688693268,0.0,1.0,0.0,0.0,1.0,0.0,0.0,0.0,0.0,0.0,1.0,0.0,0.0,1.0,0.0,1.0,0.0,0.0,0.0,1
0.8571428571428571,0.01632232126146737,-0.537686410005367,0.0,-1.0,0.8571428571428571,-0.8373156510803703,-0.37535877127951506,0.8571428571428569,-0.8373156510803705,0.0,1.0,0.0,1.0,0.0,0.0,0.0,1.0,0.0,0.0,0.0,1.0,0.0,0.0,0.0,0.0,0.0,1.0,0.0,0
0.6428571428571429,-0.4112449992189023,0.018374942481536097,0.9454243619008089,3.0,-0.14285714285714285,0.8638390305247514,0.3394836952340221,-0.14285714285714307,0.8638390305247516,0.0,1.0,0.0,1.0,0.0,0.0,0.0,0.0,0.0,0.0,1.0,0.0,1.0,0.0,0.0,0.0,0.0,1.0,0.0,1
0.35714285714285715,-0.22096586452136796,-0.3186277206003793,0.6300062253579578,-0.5,0.0,-0.49662741511375325,-0.11092669621145776,0.0,-0.4966274151137534,1.0,0.0,0.0,0.0,0.0,1.0,0.0,1.0,0.0,0.0,0.0,0.0,1.0,0.0,0.0,0.0,0.0,0.0,1.0,0
-0.07142857142857142,0.838130868022769,-0.21059170726554371,0.23656360240713836,0.5,-1.4285714285714286,-0.9109408940208072,-0.39559173705880796,-1.4285714285714284,-0.9109408940208072,1.0,0.0,0.0,0.0,1.0,0.0,0.0,0.0,0.0,0.0,1.0,0.0,1.0,0.0,1.0,0.0,0.0,0.0,0.0,0
-1.2857142857142858,-0.4041763612028675,-0.22884548327369705,-0.1419381614442832,0.0,0.7142857142857143,-0.9004230021721732,0.0977263684233559,0.7142857142857139,-0.9004230021721736,0.0,1.0,0.0,0.0,0.0,0.0,1.0,0.0,0.0,0.0,1.0,0.0,0.0,1.0,0.0,0.0,0.0,1.0,0.0,0
0.35714285714285715,-0.4976855448013,-0.5301787404352857,-0.8200871550114126,-0.5,1.0,0.1522807819823939,-0.12570040932962856,0.9999999999999992,0.15228078198239398,0.0,1.0,0.0,0.0,0.0,1.0,0.0,0.0,0.0,0.0,1.0,1.0,0.0,0.0,1.0,0.0,0.0,0.0,0.0,0
0.14285714285714285,-0.16591874489900835,-0.8354519723810631,1.3919900394272673,-0.5,-0.14285714285714285,-0.20166914370641364,-0.5420868801560359,-0.14285714285714307,-0.2016691437064138,1.0,0.0,0.0,0.0,0.0,0.0,1.0,1.0,0.0,0.0,0.0,1.0,0.0,0.0,0.0,0.0,1.0,0.0,0.0,1
0.21428571428571427,-0.7041082613319177,-0.3886460050533604,-0.5154596389292385,1.0,1.4285714285714286,-0.30593346290156614,0.24898528083790472,1.4285714285714277,-0.30593346290156626,1.0,0.0,0.0,0.0,0.0,0.0,1.0,0.0,0.0,0.0,1.0,0.0,1.0,0.0,0.0,0.0,0.0,0.0,1.0,1
-1.0,2.565652324579687,0.17282985378954244,0.4888981116414191,-0.5,0.8571428571428571,0.5697953584085973,-0.4880477127681371,0.8571428571428569,0.5697953584085973,0.0,1.0,0.0,0.0,1.0,0.0,0.0,0.0,0.0,0.0,1.0,0.0,1.0,0.0,0.0,1.0,0.0,0.0,0.0,0
-0.8571428571428571,0.0,-0.6665739292647498,0.7686241958912637,-0.5,0.0,0.36080942037269925,-0.45900795472430056,0.0,0.3608094203726994,1.0,0.0,0.0,1.0,0.0,0.0,0.0,0.0,1.0,0.0,0.0,1.0,0.0,0.0,1.0,0.0,0.0,0.0,0.0,0
0.8571428571428571,0.8672842572067542,0.03215359636894749,-0.37103133430172264,0.0,-0.7142857142857143,0.25745970046873223,-0.2956278950432018,-0.7142857142857142,0.2574597004687323,1.0,0.0,0.0,0.0,1.0,0.0,0.0,0.0,0.0,0.0,1.0,1.0,0.0,0.0,0.0,0.0,0.0,1.0,0.0,0
0.0,0.18631943234607495,2.655367007625829,0.7528532890641214,0.0,-0.14285714285714285,-0.09466102663770437,1.530701892665507,-0.14285714285714307,-0.09466102663770436,0.0,1.0,0.0,0.0,0.0,0.0,1.0,1.0,0.0,0.0,0.0,1.0,0.0,0.0,0.0,1.0,0.0,0.0,0.0,0
0.5,-0.6171924925140271,1.0701920862259382,0.560282216227433,-1.0,-0.7142857142857143,0.7682634045958616,1.8606760020304187,-0.7142857142857142,0.7682634045958617,1.0,0.0,0.0,0.0,0.0,1.0,0.0,1.0,0.0,0.0,0.0,1.0,0.0,0.0,0.0,0.0,0.0,0.0,1.0,0
0.0,-0.00016081004779246064,2.1023811971433366,1.2400913052500515,0.0,-1.1428571428571428,-0.5675088601806334,1.4479381602613528,-1.1428571428571428,-0.5675088601806335,0.0,1.0,0.0,0.0,0.0,0.0,1.0,0.0,0.0,0.0,1.0,1.0,0.0,0.0,0.0,0.0,1.0,0.0,0.0,0
0.0,0.8065436262698228,0.34806387942168776,-0.3104378501763849,-0.5,0.14285714285714285,-0.1815479593003315,-0.14032222697609295,0.14285714285714232,-0.18154795930033163,1.0,0.0,0.0,0.0,0.0,1.0,0.0,1.0,0.0,0.0,0.0,0.0,1.0,0.0,0.0,1.0,0.0,0.0,0.0,0
0.7142857142857143,-0.14159882466014306,1.2773801771580735,-0.8864909732309603,0.5,-0.5714285714285714,1.461529667314508,1.0610430314432693,-0.5714285714285715,1.4615296673145082,1.0,0.0,0.0,0.0,0.0,1.0,0.0,0.0,0.0,0.0,1.0,0.0,1.0,0.0,0.0,0.0,0.0,1.0,0.0,1
-0.42857142857142855,1.384190030394965,-0.41596998066215285,-0.3361693297364598,-0.5,-0.5714285714285714,-0.36812621470218365,-0.5531618646094144,-0.5714285714285715,-0.36812621470218376,1.0,0.0,0.0,0.0,1.0,0.0,0.0,1.0,0.0,0.0,0.0,1.0,0.0,0.0,1.0,0.0,0.0,0.0,0.0,0
0.07142857142857142,1.1259969169983866,-0.3767136397549127,0.1684996887321017,0.0,0.8571428571428571,1.4702183605807706,-0.5095214426129612,0.8571428571428569,1.4702183605807708,1.0,0.0,0.0,0.0,0.0,0.0,1.0,0.0,0.0,0.0,1.0,1.0,0.0,0.0,0.0,0.0,1.0,0.0,0.0,0
-0.35714285714285715,0.0,-0.8862079119656484,0.06142353185308135,2.0,0.2857142857142857,-0.9310620784268892,-0.6102475651704995,0.28571428571428537,-0.9310620784268895,0.0,1.0,0.0,1.0,0.0,0.0,0.0,1.0,0.0,0.0,0.0,1.0,0.0,0.0,0.0,1.0,0.0,0.0,0.0,0
-0.35714285714285715,-0.3275510021749649,1.3054407579450111,-0.25648474787300246,0.5,0.42857142857142855,-0.21401623413741852,1.3916967942884626,0.42857142857142844,-0.21401623413741863,1.0,0.0,0.0,0.0,0.0,0.0,1.0,0.0,0.0,0.0,1.0,1.0,0.0,0.0,0.0,0.0,0.0,0.0,1.0,0
-0.21428571428571427,-0.6613909847383043,1.9029745426473132,-1.3264162689354633,-1.0,0.8571428571428571,1.1821195838573226,3.041233626057885,0.8571428571428569,1.182119583857323,1.0,0.0,0.0,0.0,0.0,0.0,1.0,1.0,0.0,0.0,0.0,1.0,0.0,0.0,0.0,0.0,0.0,1.0,0.0,0
0.14285714285714285,-0.42131882317305913,-0.32940435262204537,0.35277028429134666,0.0,0.42857142857142855,-0.23825311535383564,0.01612101482803817,0.42857142857142844,-0.2382531153538357,0.0,1.0,0.0,1.0,0.0,0.0,0.0,0.0,0.0,0.0,1.0,0.0,0.0,1.0,0.0,1.0,0.0,0.0,0.0,0
-0.35714285714285715,0.174220021069997,-0.15461356727179038,1.4119111848931314,1.0,1.0,0.6996684577569454,-0.18348269927114905,0.9999999999999992,0.6996684577569455,1.0,0.0,0.0,0.0,1.0,0.0,0.0,0.0,0.0,0.0,1.0,1.0,0.0,0.0,0.0,0.0,0.0,0.0,1.0,0
1.0,0.5254332759554843,-0.43023233705677794,0.34862004565262494,-1.0,-0.2857142857142857,0.5958614382073855,-0.4382370819234855,-0.28571428571428575,0.5958614382073857,1.0,0.0,0.0,0.0,0.0,0.0,1.0,0.0,0.0,0.0,1.0,0.0,1.0,0.0,0.0,1.0,0.0,0.0,0.0,0
-0.7142857142857143,-1.0321375561008932,0.340120291305727,0.45071591616517903,0.5,0.0,-1.0828855607636905,2.69258848229489,0.0,-1.0828855607636905,0.0,1.0,0.0,0.0,0.0,0.0,1.0,0.0,0.0,0.0,1.0,0.0,0.0,1.0,0.0,0.0,0.0,1.0,0.0,0
-0.14285714285714285,-0.0019197552993810544,1.2144347172169048,0.4249844366051051,0.0,-0.2857142857142857,0.6319881102092146,0.8384233598420991,-0.28571428571428575,0.6319881102092146,1.0,0.0,0.0,0.0,0.0,1.0,0.0,1.0,0.0,0.0,0.0,0.0,1.0,0.0,0.0,0.0,1.0,0.0,0.0,1
-0.35714285714285715,0.0,-0.7828651449011812,0.3004772774434533,0.5,1.0,0.6479935978049618,-0.539085900472433,0.9999999999999992,0.6479935978049618,1.0,0.0,0.0,0.0,0.0,0.0,1.0,0.0,0.0,0.0,1.0,1.0,0.0,0.0,1.0,0.0,0.0,0.0,0.0,0
1.1428571428571428,-0.20586129434997413,0.36536627015360307,0.6781489935671303,0.0,0.0,-0.2890133760146336,0.4273994951508943,0.0,-0.28901337601463367,0.0,1.0,0.0,1.0,0.0,0.0,0.0,0.0,1.0,0.0,0.0,0.0,0.0,1.0,0.0,0.0,0.0,1.0,0.0,0
0.14285714285714285,1.5432207967455709,-0.16901399068833445,0.2996472297157088,0.5,-0.5714285714285714,-0.9621584543271978,-0.48485220602017143,-0.5714285714285715,-0.962158454327198,0.0,0.0,1.0,0.0,0.0,1.0,0.0,0.0,1.0,0.0,0.0,1.0,0.0,0.0,0.0,0.0,0.0,0.0,1.0,0
0.7857142857142857,0.3930406744156793,0.10764964037098439,-0.20004150238638738,-0.5,0.5714285714285714,0.6461643992225907,-0.11718754275660594,0.5714285714285707,0.646164399222591,0.0,1.0,0.0,0.0,1.0,0.0,0.0,1.0,0.0,0.0,0.0,1.0,0.0,0.0,1.0,0.0,0.0,0.0,0.0,1
-1.1428571428571428,1.574869182283611,0.41315774590089954,-0.5411911184893134,0.5,0.42857142857142855,1.7244769635303534,-0.29412067833030225,0.42857142857142844,1.7244769635303536,0.0,1.0,0.0,0.0,0.0,1.0,0.0,0.0,0.0,0.0,1.0,1.0,0.0,0.0,0.0,0.0,0.0,1.0,0.0,0
0.21428571428571427,-0.1618743309567461,-0.11181713947797688,-0.15521892508819293,-0.5,-0.7142857142857143,0.1573110780839144,0.01636899183283996,-0.7142857142857142,0.15731107808391445,0.0,1.0,0.0,1.0,0.0,0.0,0.0,0.0,0.0,0.0,1.0,1.0,0.0,0.0,1.0,0.0,0.0,0.0,0.0,0
0.7142857142857143,1.0081670559625118,-0.05419670106660012,0.24237393650134917,1.5,-0.14285714285714285,0.1568537784383217,-0.3617469841082195,-0.14285714285714307,0.15685377843832174,1.0,0.0,0.0,1.0,0.0,0.0,0.0,1.0,0.0,0.0,0.0,1.0,0.0,0.0,0.0,1.0,0.0,0.0,0.0,1
0.07142857142857142,2.1730402651228053,-0.1287288082449518,-0.20253164556962003,-1.0,0.2857142857142857,-0.46232994169429514,-0.5345905040020469,0.28571428571428537,-0.46232994169429525,1.0,0.0,0.0,0.0,0.0,1.0,0.0,0.0,0.0,0.0,1.0,1.0,0.0,0.0,0.0,1.0,0.0,0.0,0.0,0
0.8571428571428571,1.57739525082213,0.9989116280707847,0.24237393650134917,2.0,0.5714285714285714,-1.057276780610495,-0.09913988790722343,0.5714285714285707,-1.0572767806104952,0.0,1.0,0.0,0.0,1.0,0.0,0.0,0.0,0.0,1.0,0.0,1.0,0.0,0.0,1.0,0.0,0.0,0.0,0.0,0
-0.42857142857142855,-0.6669277018618222,0.37424772861203764,0.33035899564224896,0.5,0.2857142857142857,0.4655310392134446,1.1542314528638267,0.28571428571428537,0.46553103921344474,0.0,1.0,0.0,0.0,0.0,1.0,0.0,1.0,0.0,0.0,0.0,0.0,1.0,0.0,0.0,0.0,0.0,0.0,1.0,0
1.1428571428571428,4.722118521007558,0.19572109627555065,0.6084249844366046,0.0,-0.42857142857142855,1.138676117526009,-0.6062036952214916,-0.4285714285714288,1.1386761175260092,1.0,0.0,0.0,0.0,1.0,0.0,0.0,1.0,0.0,0.0,0.0,0.0,0.0,1.0,0.0,0.0,0.0,1.0,0.0,0
1.7857142857142858,-0.25247457396475576,-0.640413036194073,0.9255032164349448,0.5,0.2857142857142857,-0.4536412484280324,-0.35933903805005846,0.28571428571428537,-0.4536412484280325,0.0,1.0,0.0,0.0,0.0,1.0,0.0,1.0,0.0,0.0,0.0,1.0,0.0,0.0,0.0,1.0,0.0,0.0,0.0,0
-0.2857142857142857,0.4639571618150192,-0.23124406747566015,0.0755343432247356,-0.5,0.14285714285714285,0.7559163141648566,-0.321220374891736,0.14285714285714232,0.7559163141648567,1.0,0.0,0.0,1.0,0.0,0.0,0.0,0.0,0.0,0.0,1.0,1.0,0.0,0.0,0.0,1.0,0.0,0.0,0.0,0
-0.35714285714285715,0.6868408615965194,0.9056216736377876,-0.9022618800581036,0.5,0.14285714285714285,-0.3786441065508173,0.16060330648458185,0.14285714285714232,-0.3786441065508174,1.0,0.0,0.0,0.0,0.0,0.0,1.0,1.0,0.0,0.0,0.0,0.0,1.0,0.0,0.0,1.0,0.0,0.0,0.0,0
1.1428571428571428,-0.5450145663710005,0.04877850631727162,-0.22245279103548413,-0.5,0.42857142857142855,-0.1051789184863382,0.5406982445458481,0.42857142857142844,-0.10517891848633829,0.0,1.0,0.0,0.0,0.0,0.0,1.0,0.0,0.0,0.0,1.0,0.0,1.0,0.0,0.0,1.0,0.0,0.0,0.0,0
1.2142857142857142,0.06124566886639401,0.6217434351260851,0.051462959120149775,0.0,0.8571428571428571,-1.1212987309934834,0.3778648787168548,0.8571428571428569,-1.1212987309934836,1.0,0.0,0.0,0.0,1.0,0.0,0.0,0.0,0.0,0.0,1.0,1.0,0.0,0.0,0.0,0.0,0.0,1.0,0.0,0
-0.42857142857142855,-0.9929513128143289,2.3566453256182793,-1.2741232620875698,0.0,0.42857142857142855,0.1957242483137076,6.614149508457346,0.42857142857142844,0.19572424831370763,0.0,1.0,0.0,0.0,1.0,0.0,0.0,1.0,0.0,0.0,0.0,0.0,1.0,0.0,1.0,0.0,0.0,0.0,0.0,0
-0.35714285714285715,1.8046550986510415,1.0916419926800947,1.0002075119319358,-0.5,0.7142857142857143,0.14267748942494557,-0.12147855512487354,0.7142857142857139,0.1426774894249455,0.0,0.0,1.0,0.0,1.0,0.0,0.0,0.0,0.0,0.0,1.0,0.0,0.0,1.0,0.0,1.0,0.0,0.0,0.0,0
-0.21428571428571427,-0.36056183133830316,0.09164903228154099,0.12118696825067458,0.0,0.0,0.3973933920201211,0.352929522719407,0.0,0.39739339202012114,1.0,0.0,0.0,1.0,0.0,0.0,0.0,0.0,0.0,0.0,1.0,0.0,1.0,0.0,0.0,0.0,0.0,1.0,0.0,0
-1.0714285714285714,0.05111094451240042,-0.30661933035884137,0.2896866569827763,0.0,0.0,-0.6539384931976677,-0.2320615327883524,0.0,-0.6539384931976678,1.0,0.0,0.0,0.0,0.0,1.0,0.0,0.0,0.0,1.0,0.0,1.0,0.0,0.0,1.0,0.0,0.0,0.0,0.0,0
-0.7142857142857143,-0.22820898272379103,-0.8862079119656484,0.9844366051047936,0.0,0.14285714285714285,0.5190350977477993,-0.5686593757490542,0.14285714285714232,0.5190350977477993,0.0,1.0,0.0,1.0,0.0,0.0,0.0,1.0,0.0,0.0,0.0,1.0,0.0,0.0,1.0,0.0,0.0,0.0,0.0,0
-0.7857142857142857,1.3109006449121126,-0.0985832117396439,-0.42415438887736057,1.5,-0.2857142857142857,1.266720018291986,-0.42967223653459014,-0.28571428571428575,1.2667200182919862,1.0,0.0,0.0,0.0,0.0,0.0,1.0,1.0,0.0,0.0,0.0,0.0,1.0,0.0,0.0,1.0,0.0,0.0,0.0,0
-0.5714285714285714,-1.0912041821591805,-0.19961917751760222,0.4258144843328487,-0.5,1.0,0.1326168972219046,1.8177397094028422,0.9999999999999992,0.13261689722190453,0.0,1.0,0.0,0.0,1.0,0.0,0.0,1.0,0.0,0.0,0.0,1.0,0.0,0.0,0.0,1.0,0.0,0.0,0.0,0
0.0,0.0,0.3473482210146114,-0.05644324548661509,-1.0,0.7142857142857143,-0.4742197324797072,0.2391772220197334,0.7142857142857139,-0.4742197324797074,0.0,1.0,0.0,0.0,0.0,1.0,0.0,1.0,0.0,0.0,0.0,1.0,0.0,0.0,0.0,0.0,1.0,0.0,0.0,1
0.21428571428571427,0.0,-0.08881384140061448,-0.1087362523345094,1.0,-1.8571428571428572,-0.2647764947982165,-0.06116327902614417,-1.857142857142857,-0.26477649479821663,0.0,1.0,0.0,0.0,0.0,0.0,1.0,0.0,0.0,0.0,1.0,1.0,0.0,0.0,0.0,1.0,0.0,0.0,0.0,0
0.0,-0.32371987484616266,-0.1961741630978766,-0.523760116206682,1.0,0.5714285714285714,-0.5761975534468959,0.06148773521006665,0.5714285714285707,-0.576197553446896,1.0,0.0,0.0,0.0,0.0,0.0,1.0,0.0,0.0,0.0,1.0,0.0,1.0,0.0,0.0,0.0,0.0,1.0,0.0,1
-0.7857142857142857,2.3610023180890756,-0.7923276904608384,1.1960987756796015,0.5,1.0,-0.4618726420487023,-0.7257347531637924,0.9999999999999992,-0.46187264204870243,1.0,0.0,0.0,0.0,0.0,0.0,1.0,0.0,0.0,0.0,1.0,0.0,1.0,0.0,1.0,0.0,0.0,0.0,0.0,0
0.7857142857142857,-0.5696636516484148,-0.5134844391467984,-0.2440340319568373,1.0,-1.0,0.9795358408597235,-0.05080841545664491,-1.0,0.9795358408597238,1.0,0.0,0.0,1.0,0.0,0.0,0.0,0.0,0.0,1.0,0.0,1.0,0.0,0.0,0.0,0.0,0.0,1.0,0.0,0
-0.14285714285714285,0.7912262832982891,0.4305325557585465,0.514629591201494,0.0,-0.8571428571428571,0.5496741740025153,-0.0985890383841228,-0.8571428571428573,0.5496741740025154,1.0,0.0,0.0,0.0,1.0,0.0,0.0,0.0,0.0,0.0,1.0,0.0,0.0,1.0,0.0,0.0,0.0,1.0,0.0,0
-0.07142857142857142,0.32664436505022054,2.249735455837625,-1.3023448848308774,-1.0,-0.2857142857142857,0.7531725162912999,1.1180342710662563,-0.28571428571428575,0.7531725162912999,0.0,1.0,0.0,0.0,0.0,0.0,1.0,0.0,1.0,0.0,0.0,1.0,0.0,0.0,0.0,0.0,0.0,1.0,0.0,0
0.5,1.4941053003474465,-0.04995568182094215,0.8532890641211864,-1.0,-0.7142857142857143,-0.1938950497313364,-0.4381773362754221,-0.7142857142857142,-0.19389504973133648,1.0,0.0,0.0,0.0,1.0,0.0,0.0,0.0,0.0,1.0,0.0,0.0,1.0,0.0,0.0,0.0,0.0,1.0,0.0,0
-0.8571428571428571,-0.4521510838591135,0.2896776039387693,0.762813861797053,0.5,0.2857142857142857,-0.4449525551617698,0.6550468581751918,0.28571428571428537,-0.44495255516176985,0.0,1.0,0.0,1.0,0.0,0.0,0.0,0.0,0.0,0.0,1.0,0.0,1.0,0.0,0.0,0.0,0.0,1.0,0.0,0
0.2857142857142857,-0.4887670977044355,0.975308828450879,0.0896451545963889,1.0,-0.42857142857142855,-0.06447925002858124,1.4143874497146576,-0.4285714285714288,-0.06447925002858125,1.0,0.0,0.0,0.0,0.0,0.0,1.0,0.0,0.0,0.0,1.0,0.0,1.0,0.0,0.0,0.0,0.0,0.0,1.0,1
0.14285714285714285,1.2351879265119579,-0.45673960879647946,-0.1394480182610496,0.0,-0.2857142857142857,0.4019663884760489,-0.5528142041101836,-0.28571428571428575,0.40196638847604893,1.0,0.0,0.0,1.0,0.0,0.0,0.0,0.0,0.0,0.0,1.0,0.0,0.0,1.0,0.0,1.0,0.0,0.0,0.0,1
0.35714285714285715,0.3966974838149312,0.32538064580422865,0.30296742062668597,-1.0,0.14285714285714285,-0.46964673602377954,-0.0003099392414989497,0.14285714285714232,-0.46964673602377977,1.0,0.0,0.0,1.0,0.0,0.0,0.0,0.0,1.0,0.0,0.0,1.0,0.0,0.0,0.0,0.0,0.0,1.0,0.0,0
0.21428571428571427,-0.8467536020325048,-0.42388491491650737,1.4318323303589953,-1.0,0.0,0.3480050302961015,0.43643342490131026,0.0,0.3480050302961016,1.0,0.0,0.0,0.0,1.0,0.0,0.0,0.0,0.0,0.0,1.0,0.0,1.0,0.0,0.0,0.0,0.0,1.0,0.0,0
1.9285714285714286,-0.37705964689139587,0.8629286034331498,-1.2234903506951647,-0.5,0.0,1.2470561335314967,1.0829464289323385,0.0,1.2470561335314971,0.0,1.0,0.0,0.0,0.0,0.0,1.0,0.0,0.0,0.0,1.0,1.0,0.0,0.0,0.0,0.0,0.0,0.0,1.0,1
-0.5,0.35687678924925126,0.13823319229609965,0.5727329321435981,-0.5,-1.5714285714285714,-1.047216188407454,-0.0860259803038125,-1.5714285714285712,-1.0472161884074542,0.0,1.0,0.0,1.0,0.0,0.0,0.0,1.0,0.0,0.0,0.0,1.0,0.0,0.0,0.0,0.0,1.0,0.0,0.0,0
-0.42857142857142855,0.8752430632784832,0.263348173313226,-0.6225357958082589,0.0,-0.42857142857142855,-0.7559163141648566,-0.19735588593236983,-0.4285714285714288,-0.7559163141648567,1.0,0.0,0.0,0.0,0.0,0.0,1.0,0.0,0.0,0.0,1.0,0.0,1.0,0.0,0.0,1.0,0.0,0.0,0.0,0
-0.5,-0.458953377275685,-0.4437018540376557,0.006640381821954384,-1.0,1.0,1.4560420715673947,-0.06643809047031164,0.9999999999999992,1.456042071567395,0.0,1.0,0.0,0.0,1.0,0.0,0.0,0.0,0.0,0.0,1.0,0.0,1.0,0.0,1.0,0.0,0.0,0.0,0.0,0
-0.42857142857142855,-1.0912041821591805,0.6749371134098443,-0.15438887736044837,-1.0,-0.2857142857142857,-0.3036469646736024,4.0987077610003375,-0.28571428571428575,-0.3036469646736025,0.0,1.0,0.0,1.0,0.0,0.0,0.0,0.0,0.0,0.0,1.0,1.0,0.0,0.0,0.0,1.0,0.0,0.0,0.0,0
-0.5,0.0,4.635871404084016,-0.2813861797053328,-0.5,-1.1428571428571428,-0.23230821996112946,3.1922474510478946,-1.1428571428571428,-0.23230821996112952,0.0,1.0,0.0,0.0,1.0,0.0,0.0,1.0,0.0,0.0,0.0,0.0,0.0,1.0,0.0,1.0,0.0,0.0,0.0,0
0.9285714285714286,-0.7224547501679746,-0.5416352204183509,0.013280763643909711,0.0,0.8571428571428571,-0.8428032468274838,0.0697731183225653,0.8571428571428569,-0.842803246827484,1.0,0.0,0.0,0.0,0.0,0.0,1.0,0.0,1.0,0.0,0.0,1.0,0.0,0.0,0.0,0.0,0.0,1.0,0.0,0
1.1428571428571428,-0.992253635454033,-0.20798574727746852,-0.7794148163519399,-0.5,0.0,-0.6196410197782096,1.2642849733415937,0.0,-0.6196410197782097,0.0,1.0,0.0,0.0,0.0,0.0,1.0,1.0,0.0,0.0,0.0,1.0,0.0,0.0,0.0,1.0,0.0,0.0,0.0,1
-0.42857142857142855,-1.0912041821591805,0.20510425880266897,0.0,1.0,-1.0,0.7303075340116612,2.8733163916085136,-1.0,0.7303075340116614,0.0,1.0,0.0,0.0,1.0,0.0,0.0,0.0,0.0,0.0,1.0,0.0,1.0,0.0,0.0,1.0,0.0,0.0,0.0,0
-0.6428571428571429,0.8446006430928078,0.7672776368645611,-1.2450715916165178,0.0,0.42857142857142855,0.9104835943752145,0.03216141081764154,0.42857142857142844,0.9104835943752148,1.0,0.0,0.0,0.0,0.0,1.0,0.0,1.0,0.0,0.0,0.0,1.0,0.0,0.0,0.0,0.0,1.0,0.0,0.0,0
0.35714285714285715,0.1137280216943884,-0.3327943163950728,0.4017431002282629,0.5,-0.2857142857142857,1.1249571281582258,-0.27260260842552975,-0.28571428571428575,1.1249571281582258,1.0,0.0,0.0,1.0,0.0,0.0,0.0,0.0,0.0,0.0,1.0,0.0,1.0,0.0,0.0,1.0,0.0,0.0,0.0,0
-0.42857142857142855,-0.16889891624128275,-0.8862079119656484,-0.21000207511931895,0.0,0.14285714285714285,-0.1303303989939407,-0.5808574471653194,0.14285714285714232,-0.13033039899394067,0.0,1.0,0.0,0.0,0.0,0.0,1.0,0.0,0.0,1.0,0.0,1.0,0.0,0.0,0.0,0.0,1.0,0.0,0.0,0
0.5,1.7103526143291596,1.581546450700044,-0.8051462959120148,0.5,-0.14285714285714285,-0.13444609580427566,0.05635366525836099,-0.14285714285714307,-0.1344460958042757,0.0,1.0,0.0,0.0,0.0,0.0,1.0,0.0,0.0,0.0,1.0,1.0,0.0,0.0,0.0,0.0,0.0,1.0,0.0,0
0.14285714285714285,0.6291203171839937,0.7366617702098341,0.16351940236563636,-1.0,-0.14285714285714285,0.4079112838687551,0.10623631806217139,-0.14285714285714307,0.4079112838687551,0.0,1.0,0.0,1.0,0.0,0.0,0.0,0.0,0.0,0.0,1.0,0.0,1.0,0.0,0.0,0.0,0.0,1.0,0.0,0
-1.2142857142857142,2.135502118624717,-0.782911002089881,-1.0774019506121597,1.0,0.14285714285714285,0.22590602492283057,-0.7160274920737496,0.14285714285714232,0.22590602492283074,0.0,1.0,0.0,0.0,1.0,0.0,0.0,1.0,0.0,0.0,0.0,1.0,0.0,0.0,0.0,1.0,0.0,0.0,0.0,1
1.2142857142857142,-0.7912303667620436,-0.3579417821106826,0.04897281593691617,0.0,-0.7142857142857143,0.7133874471247286,0.4313955149645648,-0.7142857142857142,0.7133874471247288,0.0,1.0,0.0,0.0,1.0,0.0,0.0,1.0,0.0,0.0,0.0,1.0,0.0,0.0,0.0,0.0,0.0,0.0,1.0,0
1.4285714285714286,-0.023294686886996634,1.9555835830631378,0.0,0.0,0.0,0.20944323768149073,1.381490471171397,0.0,0.20944323768149062,1.0,0.0,0.0,0.0,1.0,0.0,0.0,0.0,1.0,0.0,0.0,0.0,1.0,0.0,0.0,1.0,0.0,0.0,0.0,0
-0.5,-0.8713678020897637,1.734420059706968,0.3461299024693923,-0.5,0.5714285714285714,0.1522807819823939,4.09253271078531,0.5714285714285707,0.15228078198239398,1.0,0.0,0.0,0.0,0.0,1.0,0.0,1.0,0.0,0.0,0.0,1.0,0.0,0.0,0.0,0.0,1.0,0.0,0.0,0
-0.2857142857142857,-0.17158840445840406,0.9571718423896959,-0.6316663208134469,0.0,0.2857142857142857,-0.6132388247399109,0.855149002115161,0.28571428571428537,-0.613238824739911,1.0,0.0,0.0,0.0,0.0,1.0,0.0,1.0,0.0,0.0,0.0,1.0,0.0,0.0,0.0,0.0,0.0,1.0,0.0,0
0.21428571428571427,-0.18538429210346735,-0.1037622664797155,-0.2971570865324752,-0.5,1.0,-0.8263404595861439,0.03820711698294269,0.9999999999999992,-0.8263404595861439,0.0,1.0,0.0,0.0,0.0,0.0,1.0,0.0,0.0,1.0,0.0,1.0,0.0,0.0,0.0,0.0,0.0,1.0,0.0,0
0.2857142857142857,0.6167162686947004,0.08367998324148221,0.2282631251296949,-0.5,-0.14285714285714285,0.41842917571738875,-0.2057337098450192,-0.14285714285714307,0.41842917571738875,1.0,0.0,0.0,0.0,1.0,0.0,0.0,0.0,0.0,1.0,0.0,0.0,1.0,0.0,0.0,0.0,0.0,1.0,0.0,0
0.5,0.042446699794960734,-0.07313445383465501,-0.5245901639344265,-1.0,-0.2857142857142857,-0.21767463130216066,-0.07231173881252988,-0.28571428571428575,-0.21767463130216066,0.0,1.0,0.0,1.0,0.0,0.0,0.0,1.0,0.0,0.0,0.0,0.0,1.0,0.0,0.0,1.0,0.0,0.0,0.0,0
1.5714285714285714,0.6130171373035548,1.2192666776295444,-0.019921145465864095,0.5,0.8571428571428571,-0.779238596090088,0.34861012192342905,0.8571428571428569,-0.7792385960900882,0.0,0.0,1.0,0.0,0.0,0.0,1.0,0.0,0.0,0.0,1.0,0.0,1.0,0.0,0.0,0.0,0.0,1.0,0.0,0
-0.14285714285714285,0.7073250031438952,-0.4858421331734736,-1.047520232413364,1.5,0.0,0.4499828512632904,-0.49743578638828034,0.0,0.4499828512632906,1.0,0.0,0.0,1.0,0.0,0.0,0.0,1.0,0.0,0.0,0.0,1.0,0.0,0.0,0.0,0.0,0.0,1.0,0.0,1
-0.6428571428571429,3.383043807527612,-0.4544086267886618,0.4656567752645778,0.0,0.5714285714285714,1.4020807133874473,-0.6785911072664538,0.5714285714285707,1.4020807133874473,0.0,1.0,0.0,0.0,0.0,0.0,1.0,0.0,0.0,0.0,1.0,0.0,1.0,0.0,1.0,0.0,0.0,0.0,0.0,0
-1.0714285714285714,-0.23209900928476207,1.0527091568981761,1.2658227848101264,-0.5,0.14285714285714285,-0.44540985480736245,1.0151135465839614,0.14285714285714232,-0.44540985480736256,1.0,0.0,0.0,0.0,0.0,1.0,0.0,0.0,0.0,1.0,0.0,0.0,1.0,0.0,0.0,0.0,0.0,1.0,0.0,0
-0.5714285714285714,-0.5962311536062971,-0.012090002825268023,1.4318323303589953,-1.0,0.5714285714285714,-0.04572996455927747,0.5503010657938626,0.5714285714285707,-0.04572996455927752,0.0,1.0,0.0,0.0,0.0,0.0,1.0,0.0,0.0,0.0,1.0,0.0,1.0,0.0,0.0,0.0,1.0,0.0,0.0,0
0.0,0.22026894435964897,1.6141182668319574,0.08466486822992358,-0.5,0.0,-0.38230250371555957,0.8592027006459994,0.0,-0.38230250371555974,1.0,0.0,0.0,0.0,0.0,1.0,0.0,0.0,0.0,0.0,1.0,1.0,0.0,0.0,0.0,1.0,0.0,0.0,0.0,0
1.4285714285714286,-0.5259420322708163,-0.3903212237577094,0.5768831707823199,0.0,1.2857142857142858,-0.27255058877329374,0.04461139610264403,1.2857142857142854,-0.2725505887732938,0.0,1.0,0.0,0.0,0.0,0.0,1.0,0.0,0.0,1.0,0.0,0.0,0.0,1.0,0.0,0.0,1.0,0.0,0.0,0
-0.42857142857142855,1.8778063765220088,-0.019604828979420046,-1.2359410666113297,-1.0,-0.2857142857142857,-0.1376471933234251,-0.47470606152900785,-0.28571428571428575,-0.137647193323425,0.0,1.0,0.0,0.0,1.0,0.0,0.0,1.0,0.0,0.0,0.0,0.0,1.0,0.0,0.0,0.0,1.0,0.0,0.0,1
0.14285714285714285,-0.20983942637394162,-0.5060225717147699,1.0807221415231378,0.0,0.42857142857142855,-0.3612667200182919,-0.2676036134697171,0.42857142857142844,-0.361266720018292,1.0,0.0,0.0,1.0,0.0,0.0,0.0,0.0,0.0,1.0,0.0,1.0,0.0,0.0,0.0,1.0,0.0,0.0,0.0,0
0.0,0.0,0.02592772605658662,0.5685826935048764,-0.5,0.8571428571428571,0.3640105178918487,0.017847581455521906,0.8571428571428569,0.36401051789184874,0.0,1.0,0.0,0.0,1.0,0.0,0.0,1.0,0.0,0.0,0.0,1.0,0.0,0.0,0.0,1.0,0.0,0.0,0.0,0
0.9285714285714286,-0.3349343102853602,-0.7080784284818504,-0.3203984229093174,-0.5,-0.7142857142857143,-0.9479821653138217,-0.38507919779685185,-0.7142857142857142,-0.9479821653138221,1.0,0.0,0.0,0.0,0.0,0.0,1.0,0.0,0.0,0.0,1.0,0.0,0.0,1.0,1.0,0.0,0.0,0.0,0.0,0
2.0,0.725439464701711,-0.2937550952384102,0.89396140278066,1.5,-0.8571428571428571,0.27163598948210804,-0.41142168668059637,-0.8571428571428573,0.271635989482108,0.0,1.0,0.0,0.0,0.0,0.0,1.0,0.0,0.0,0.0,1.0,1.0,0.0,0.0,1.0,0.0,0.0,0.0,0.0,0
-0.42857142857142855,-0.11890214887074343,-0.6949681169706783,-0.15853911599917012,-1.0,0.14285714285714285,-0.3969360923745284,-0.4471469818158834,0.14285714285714232,-0.3969360923745284,1.0,0.0,0.0,0.0,0.0,0.0,1.0,0.0,0.0,0.0,1.0,0.0,0.0,1.0,0.0,0.0,0.0,1.0,0.0,1
-0.35714285714285715,-0.43758366494968953,0.6601051204485099,-0.30213737289894144,0.0,0.7142857142857143,-0.5789413513204528,0.9961024227809988,0.7142857142857139,-0.5789413513204529,1.0,0.0,0.0,0.0,0.0,1.0,0.0,1.0,0.0,0.0,0.0,0.0,1.0,0.0,0.0,0.0,0.0,1.0,0.0,0
0.7857142857142857,2.23444322847217,0.6858238742502303,0.3560904752023239,-1.0,2.142857142857143,-0.35715102320795694,-0.31588845848303776,2.1428571428571423,-0.3571510232079571,0.0,1.0,0.0,1.0,0.0,0.0,0.0,0.0,0.0,0.0,1.0,0.0,1.0,0.0,0.0,0.0,0.0,0.0,1.0,0
0.5714285714285714,-0.5538822270775927,-0.7795854750988136,-0.7296119526872792,-1.0,0.0,1.2292214473533785,-0.3567107297567621,0.0,1.2292214473533787,0.0,1.0,0.0,1.0,0.0,0.0,0.0,1.0,0.0,0.0,0.0,1.0,0.0,0.0,0.0,1.0,0.0,0.0,0.0,0
1.4285714285714286,0.03408349559749544,1.5393611126099036,0.7412326208756999,-1.0,-0.5714285714285714,0.28718417743226254,1.0173251881194103,-0.5714285714285715,0.28718417743226266,0.0,1.0,0.0,0.0,0.0,0.0,1.0,0.0,0.0,0.0,1.0,1.0,0.0,0.0,0.0,0.0,1.0,0.0,0.0,1
0.42857142857142855,0.64659278251973,4.324398762469721,-0.7246316663208129,0.5,-0.14285714285714285,0.7362524294043673,1.8187653166950046,-0.14285714285714307,0.7362524294043675,0.0,1.0,0.0,0.0,0.0,0.0,1.0,1.0,0.0,0.0,0.0,0.0,0.0,1.0,0.0,1.0,0.0,0.0,0.0,1
-0.2857142857142857,0.0,0.055111284985520426,-0.7204814276820912,1.0,-0.2857142857142857,-0.6740596776037497,0.03794333362269131,-0.28571428571428575,-0.6740596776037499,0.0,1.0,0.0,0.0,0.0,1.0,0.0,0.0,0.0,0.0,1.0,1.0,0.0,0.0,0.0,0.0,0.0,1.0,0.0,1
0.42857142857142855,0.454351638137937,-0.37508328732762264,-0.6208757003527698,1.0,0.0,-0.5153767005830571,-0.3944679234877924,0.0,-0.5153767005830572,1.0,0.0,0.0,0.0,1.0,0.0,0.0,1.0,0.0,0.0,0.0,0.0,1.0,0.0,0.0,0.0,1.0,0.0,0.0,0
0.0,-0.6501421238066591,4.635871404084016,0.5569620253164558,-0.5,-0.5714285714285714,0.8364010517891849,6.340305044140472,-0.5714285714285715,0.8364010517891851,1.0,0.0,0.0,0.0,1.0,0.0,0.0,1.0,0.0,0.0,0.0,1.0,0.0,0.0,0.0,0.0,1.0,0.0,0.0,0
0.6428571428571429,0.8558943139545281,-0.6568214869995799,-0.414193816144428,0.0,-1.0,0.38001600548759584,-0.5937716702164755,-1.0,0.38001600548759584,1.0,0.0,0.0,1.0,0.0,0.0,0.0,0.0,1.0,0.0,0.0,1.0,0.0,0.0,0.0,0.0,0.0,1.0,0.0,0
0.42857142857142855,-0.6067131616790751,0.03547708648608678,-0.9304835028014111,0.0,0.42857142857142855,-0.3557791242711786,0.6223664194537283,0.42857142857142844,-0.3557791242711787,1.0,0.0,0.0,0.0,0.0,1.0,0.0,0.0,0.0,0.0,1.0,1.0,0.0,0.0,0.0,1.0,0.0,0.0,0.0,0
0.8571428571428571,0.6945094442708034,0.16139514633724625,-0.4067233865947291,-0.5,0.7142857142857143,-0.9959986281010633,-0.19191249986013154,0.7142857142857139,-0.9959986281010634,1.0,0.0,0.0,0.0,0.0,0.0,1.0,0.0,0.0,1.0,0.0,1.0,0.0,0.0,1.0,0.0,0.0,0.0,0.0,0
0.9285714285714286,1.2498212487403884,1.5580573581908936,-0.0016600954554890678,0.5,0.0,0.12575740253801304,0.19845567009053613,0.0,0.12575740253801293,1.0,0.0,0.0,1.0,0.0,0.0,0.0,0.0,0.0,1.0,0.0,0.0,0.0,1.0,0.0,0.0,1.0,0.0,0.0,0
1.0714285714285714,0.0,0.31884200524265205,-0.8126167254617137,0.5,-0.14285714285714285,-0.01920658511489645,0.21954788727094102,-0.14285714285714307,-0.019206585114896455,0.0,1.0,0.0,0.0,0.0,1.0,0.0,1.0,0.0,0.0,0.0,1.0,0.0,0.0,0.0,0.0,0.0,1.0,0.0,0
0.5,0.22517729483547363,-0.2998365677044817,0.0,0.0,-0.14285714285714285,-0.27392248771007194,-0.2898525882982587,-0.14285714285714307,-0.273922487710072,1.0,0.0,0.0,0.0,1.0,0.0,0.0,1.0,0.0,0.0,0.0,1.0,0.0,0.0,0.0,0.0,1.0,0.0,0.0,0
-0.14285714285714285,-0.17297115723125006,-0.5182111702482743,1.4318323303589953,-0.5,0.5714285714285714,-0.17514576426203263,-0.29318616756938626,0.5714285714285707,-0.17514576426203274,0.0,1.0,0.0,0.0,0.0,1.0,0.0,1.0,0.0,0.0,0.0,1.0,0.0,0.0,1.0,0.0,0.0,0.0,0.0,0
0.14285714285714285,-0.3993993305945414,-0.20923528685622392,-0.5860136957875078,0.5,-0.42857142857142855,1.1199268320567053,0.11207850758793543,-0.4285714285714288,1.1199268320567055,1.0,0.0,0.0,0.0,1.0,0.0,0.0,0.0,0.0,0.0,1.0,1.0,0.0,0.0,1.0,0.0,0.0,0.0,0.0,1
0.9285714285714286,1.8576727908729824,-0.5412355251979988,-0.20751193193608627,-1.0,-0.2857142857142857,0.28032468274837097,-0.6319447180006033,-0.28571428571428575,0.280324682748371,0.0,1.0,0.0,0.0,0.0,1.0,0.0,0.0,0.0,0.0,1.0,1.0,0.0,0.0,0.0,0.0,1.0,0.0,0.0,0
-0.6428571428571429,-0.4702996734385075,0.05650167164385308,-0.23822369786262743,0.5,0.14285714285714285,-0.34617583171373045,0.44667157588101114,0.14285714285714232,-0.34617583171373056,0.0,1.0,0.0,1.0,0.0,0.0,0.0,0.0,0.0,1.0,0.0,0.0,0.0,1.0,0.0,0.0,0.0,1.0,0.0,1
0.2857142857142857,-0.6418400904370937,-0.3352610808229716,-0.27640589333886656,0.0,0.7142857142857143,-0.2620326969246599,0.23324534753837242,0.7142857142857139,-0.26203269692466,0.0,1.0,0.0,0.0,1.0,0.0,0.0,0.0,1.0,0.0,0.0,1.0,0.0,0.0,1.0,0.0,0.0,0.0,0.0,0
-0.2857142857142857,0.6619454974819328,-0.7127977552713455,0.45901639344262246,-0.5,-0.2857142857142857,1.6128958500057164,-0.59825534060285,-0.28571428571428575,1.6128958500057167,1.0,0.0,0.0,1.0,0.0,0.0,0.0,1.0,0.0,0.0,0.0,1.0,0.0,0.0,0.0,0.0,1.0,0.0,0.0,0
0.0,-0.5227040618558761,1.4121126713053123,0.689769661755551,0.5,0.5714285714285714,0.726649136846919,1.958608486150173,0.5714285714285707,0.726649136846919,0.0,1.0,0.0,1.0,0.0,0.0,0.0,0.0,1.0,0.0,0.0,1.0,0.0,0.0,0.0,0.0,0.0,1.0,0.0,0
1.0,-0.6006278812293198,-0.29930667770468833,-0.1950612160199211,0.5,-0.7142857142857143,0.16096947524865682,0.22476953964680707,-0.7142857142857142,0.16096947524865676,0.0,1.0,0.0,0.0,1.0,0.0,0.0,0.0,0.0,0.0,1.0,0.0,0.0,1.0,0.0,1.0,0.0,0.0,0.0,0
0.0,-0.8103067409407256,-0.6394363551456772,-0.8516289686656983,0.0,0.8571428571428571,0.3100491597119013,0.039988491369438016,0.8571428571428569,0.3100491597119014,0.0,0.0,1.0,0.0,1.0,0.0,0.0,1.0,0.0,0.0,0.0,1.0,0.0,0.0,0.0,1.0,0.0,0.0,0.0,1
0.07142857142857142,-0.3422297292752095,-0.09849870899696232,0.919692882340734,0.5,0.42857142857142855,1.2132159597576313,0.1635439024179805,0.42857142857142844,1.2132159597576313,0.0,1.0,0.0,0.0,0.0,0.0,1.0,1.0,0.0,0.0,0.0,1.0,0.0,0.0,0.0,0.0,1.0,0.0,0.0,0
-1.0714285714285714,0.0,0.07231307066059485,-0.046482672753683514,0.0,0.8571428571428571,1.4528409740482453,0.049788455823203216,0.8571428571428569,1.4528409740482453,0.0,1.0,0.0,0.0,0.0,0.0,1.0,0.0,0.0,0.0,1.0,0.0,1.0,0.0,0.0,0.0,0.0,1.0,0.0,0
0.5714285714285714,0.21746901332150936,-0.7838291367755131,1.2417514007055406,-0.5,0.14285714285714285,0.7536298159368928,-0.5780092680708926,0.14285714285714232,0.753629815936893,0.0,1.0,0.0,0.0,0.0,0.0,1.0,1.0,0.0,0.0,0.0,1.0,0.0,0.0,0.0,0.0,1.0,0.0,0.0,0
0.5,1.0271839900528987,0.29315267601159206,-1.563809919070346,0.5,0.42857142857142855,-0.12758660112038409,-0.22406712937047862,0.42857142857142844,-0.12758660112038406,1.0,0.0,0.0,1.0,0.0,0.0,0.0,0.0,1.0,0.0,0.0,1.0,0.0,0.0,0.0,0.0,0.0,0.0,1.0,0
1.7142857142857142,0.5046795987574992,-0.5573804485577615,0.15853911599917012,-0.5,-0.14285714285714285,-0.04710186349605568,-0.499373240752793,-0.14285714285714307,-0.04710186349605569,1.0,0.0,0.0,1.0,0.0,0.0,0.0,0.0,1.0,0.0,0.0,1.0,0.0,0.0,1.0,0.0,0.0,0.0,0.0,0
-0.21428571428571427,-0.14352316371519552,2.2395986499572085,1.3745590371446357,0.0,-0.14285714285714285,1.6407911283868757,1.7973685523547966,-0.14285714285714307,1.640791128386876,0.0,1.0,0.0,0.0,0.0,0.0,1.0,1.0,0.0,0.0,0.0,0.0,1.0,0.0,0.0,0.0,0.0,0.0,1.0,0
0.14285714285714285,-0.14890619657038673,0.47800338901414946,-0.2282631251296949,0.0,-0.14285714285714285,0.655310392134446,0.4595476616234146,-0.14285714285714307,0.6553103921344462,1.0,0.0,0.0,1.0,0.0,0.0,0.0,0.0,0.0,0.0,1.0,1.0,0.0,0.0,0.0,0.0,0.0,0.0,1.0,0
0.21428571428571427,0.4864657278436446,-0.24378889874394852,-0.13861797053330602,1.0,0.5714285714285714,-0.8094203726992112,-0.33364160070280063,0.5714285714285707,-0.8094203726992113,0.0,1.0,0.0,1.0,0.0,0.0,0.0,0.0,0.0,0.0,1.0,0.0,1.0,0.0,0.0,0.0,0.0,1.0,0.0,0
1.2142857142857142,1.5122531327282636,-0.42611110801833524,0.0,-0.5,0.2857142857142857,0.8149079684463245,-0.5688352179657936,0.28571428571428537,0.8149079684463247,1.0,0.0,0.0,0.0,1.0,0.0,0.0,0.0,1.0,0.0,0.0,0.0,1.0,0.0,0.0,0.0,1.0,0.0,0.0,1
-0.07142857142857142,0.11170703164954157,-0.05516069294093191,-0.3735214774849553,-0.5,1.2857142857142858,-0.06402195038298839,-0.09410144890482403,1.2857142857142854,-0.06402195038298852,1.0,0.0,0.0,0.0,1.0,0.0,0.0,0.0,0.0,1.0,0.0,1.0,0.0,0.0,0.0,1.0,0.0,0.0,0.0,0
0.21428571428571427,-0.33355428883595273,0.5708602049589253,-0.19921145465864284,0.0,-0.7142857142857143,0.5707099576997829,0.7506888884334662,-0.7142857142857142,0.570709957699783,1.0,0.0,0.0,1.0,0.0,0.0,0.0,1.0,0.0,0.0,0.0,1.0,0.0,0.0,1.0,0.0,0.0,0.0,0.0,1
0.5,-0.6211494500206448,0.0016411423540429705,-0.2174725046690188,0.5,-0.14285714285714285,-0.6639990854007088,0.606753847847449,-0.14285714285714307,-0.663999085400709,0.0,1.0,0.0,0.0,0.0,0.0,1.0,1.0,0.0,0.0,0.0,1.0,0.0,0.0,0.0,0.0,0.0,1.0,0.0,1
0.14285714285714285,-0.8108985186714656,-0.13087314103513936,-0.42166424569412697,-0.5,1.0,0.2894706756602263,0.8136929245052296,0.9999999999999992,0.2894706756602263,1.0,0.0,0.0,0.0,0.0,1.0,0.0,1.0,0.0,0.0,0.0,0.0,1.0,0.0,0.0,0.0,0.0,0.0,1.0,1
-0.35714285714285715,0.6630081986419603,0.06459221746117479,0.8881510686864493,-0.5,1.2857142857142858,-0.02012118440608198,-0.22847544847578405,1.2857142857142854,-0.020121184406081905,1.0,0.0,0.0,0.0,0.0,0.0,1.0,0.0,1.0,0.0,0.0,1.0,0.0,0.0,0.0,0.0,1.0,0.0,0.0,0
0.14285714285714285,0.5613040441441903,-0.35602480849135854,0.3461299024693923,0.0,-0.14285714285714285,0.29495827140733977,-0.40820127125586625,-0.14285714285714307,0.2949582714073397,0.0,1.0,0.0,0.0,0.0,1.0,0.0,0.0,0.0,0.0,1.0,1.0,0.0,0.0,1.0,0.0,0.0,0.0,0.0,0
0.8571428571428571,0.5606128029717987,-0.21007285492041336,0.19755135920315375,-0.5,0.7142857142857143,-0.39144849662741504,-0.3351282204345769,0.7142857142857139,-0.3914484966274151,1.0,0.0,0.0,0.0,0.0,0.0,1.0,0.0,0.0,0.0,1.0,1.0,0.0,0.0,0.0,0.0,0.0,1.0,0.0,0
-0.7857142857142857,-0.09690920803025582,-0.863842801997543,0.5909939821539741,0.0,-1.2857142857142858,-0.11386761175260082,-0.5777828421396383,-1.2857142857142858,-0.11386761175260081,0.0,1.0,0.0,0.0,1.0,0.0,0.0,0.0,0.0,1.0,0.0,0.0,0.0,1.0,0.0,0.0,0.0,1.0,0.0,1
0.07142857142857142,1.7419614091987443,1.0034525081890076,-0.16600954554886904,0.0,-0.8571428571428571,-0.10152052132159592,-0.13545303793387362,-0.8571428571428573,-0.10152052132159599,1.0,0.0,0.0,1.0,0.0,0.0,0.0,0.0,0.0,0.0,1.0,1.0,0.0,0.0,1.0,0.0,0.0,0.0,0.0,0
-0.5714285714285714,-0.3429876039223778,0.26365574127632874,-0.5254202116621701,-0.5,-0.14285714285714285,0.19892534583285704,0.48864130740987044,-0.14285714285714307,0.19892534583285695,0.0,1.0,0.0,1.0,0.0,0.0,0.0,0.0,0.0,0.0,1.0,0.0,0.0,1.0,0.0,0.0,0.0,1.0,0.0,1
0.9285714285714286,1.0326605098895443,-0.43944159459097676,-0.40423324341149647,-0.5,-0.8571428571428571,0.6022636332456843,-0.5227617502400816,-0.8571428571428573,0.6022636332456845,1.0,0.0,0.0,0.0,1.0,0.0,0.0,0.0,0.0,0.0,1.0,1.0,0.0,0.0,1.0,0.0,0.0,0.0,0.0,0
-1.2142857142857142,-0.026655702070700754,2.6518047353286365,0.022411288649097697,0.0,-0.7142857142857143,0.046644563850463,1.874809619555312,-0.7142857142857142,0.046644563850462964,1.0,0.0,0.0,0.0,0.0,1.0,0.0,1.0,0.0,0.0,0.0,1.0,0.0,0.0,0.0,0.0,0.0,1.0,0.0,1
-0.42857142857142855,-0.418257496369013,0.08683099968251617,-0.726291761776302,-0.5,0.7142857142857143,1.0499599862810107,0.41290893920367006,0.7142857142857139,1.049959986281011,0.0,1.0,0.0,0.0,0.0,1.0,0.0,0.0,1.0,0.0,0.0,1.0,0.0,0.0,0.0,0.0,1.0,0.0,0.0,0
0.2857142857142857,0.5777284384781194,-0.5529990501630232,0.0,0.0,0.0,0.5954041385617928,-0.5092381518916957,0.0,0.5954041385617929,0.0,1.0,0.0,0.0,0.0,1.0,0.0,0.0,0.0,0.0,1.0,1.0,0.0,0.0,0.0,1.0,0.0,0.0,0.0,0
1.2142857142857142,0.3805543617095549,0.8528550232204662,-0.3436397592861587,0.0,-1.2857142857142858,-0.10426431919515251,0.2959871536965429,-1.2857142857142858,-0.10426431919515258,0.0,1.0,0.0,0.0,1.0,0.0,0.0,0.0,0.0,0.0,1.0,1.0,0.0,0.0,0.0,0.0,1.0,0.0,0.0,0
-0.07142857142857142,0.32736094533213544,0.3545808025031419,1.4318323303589953,0.5,0.14285714285714285,-0.0708814450668801,0.04828291101439925,0.14285714285714232,-0.07088144506688016,0.0,1.0,0.0,0.0,0.0,1.0,0.0,0.0,1.0,0.0,0.0,1.0,0.0,0.0,1.0,0.0,0.0,0.0,0.0,0
-0.42857142857142855,0.07270037963976064,0.3513113721210604,-1.7392405063291134,0.5,0.2857142857142857,-0.5153767005830571,0.19138928146810213,0.28571428571428537,-0.5153767005830572,0.0,1.0,0.0,0.0,1.0,0.0,0.0,0.0,0.0,1.0,0.0,0.0,0.0,1.0,0.0,1.0,0.0,0.0,0.0,0
1.5,-0.025975007592774976,-0.25878857597512567,-0.1062461091512758,0.0,-1.0,-0.2304790213787584,-0.16642717277351612,-1.0,-0.23047902137875848,1.0,0.0,0.0,0.0,0.0,0.0,1.0,0.0,0.0,1.0,0.0,0.0,1.0,0.0,0.0,0.0,0.0,1.0,0.0,0
-1.1428571428571428,4.049647468962683,0.4048607051078131,1.2384312097945633,1.0,-0.2857142857142857,-0.18246255859151703,-0.5393287983775854,-0.28571428571428575,-0.18246255859151708,0.0,1.0,0.0,0.0,0.0,0.0,1.0,0.0,0.0,0.0,1.0,0.0,1.0,0.0,0.0,0.0,0.0,1.0,0.0,0
-1.4285714285714286,1.3702596859168699,-0.15958370480764247,0.10707615687902033,1.0,0.0,0.8011889790785414,-0.4600156894106018,0.0,0.8011889790785415,0.0,1.0,0.0,0.0,1.0,0.0,0.0,1.0,0.0,0.0,0.0,1.0,0.0,0.0,0.0,0.0,1.0,0.0,0.0,0
0.35714285714285715,0.7308010526114889,0.5108652945288391,0.5519817389499895,-0.5,0.0,-0.5505887732937007,-0.041327138343788754,0.0,-0.5505887732937008,1.0,0.0,0.0,1.0,0.0,0.0,0.0,0.0,0.0,0.0,1.0,1.0,0.0,0.0,0.0,0.0,1.0,0.0,0.0,0
-0.42857142857142855,0.09902949925991622,-0.8232287469907855,0.09130525005187796,0.5,-0.14285714285714285,0.026523379444381014,-0.5839085559276216,-0.14285714285714307,0.026523379444381063,0.0,1.0,0.0,0.0,0.0,0.0,1.0,0.0,1.0,0.0,0.0,1.0,0.0,0.0,1.0,0.0,0.0,0.0,0.0,0
-0.7857142857142857,1.1054775386743736,-0.2634502096868811,-0.44988586843743544,-0.5,-0.14285714285714285,-0.12118440608208522,-0.4622308432344817,-0.14285714285714307,-0.12118440608208517,1.0,0.0,0.0,0.0,0.0,1.0,0.0,0.0,0.0,0.0,1.0,0.0,1.0,0.0,0.0,0.0,1.0,0.0,0.0,0
0.5714285714285714,0.4949719614437459,2.262759310308158,-1.5613197758871133,-1.0,0.0,0.23733851606264994,0.9581952073358443,0.0,0.23733851606264986,1.0,0.0,0.0,0.0,1.0,0.0,0.0,1.0,0.0,0.0,0.0,0.0,0.0,1.0,0.0,1.0,0.0,0.0,0.0,0
0.21428571428571427,0.026294329049822606,-0.4364508581078045,0.16600954554886904,0.5,-0.42857142857142855,0.2460272093289129,-0.30992593218609427,-0.4285714285714288,0.2460272093289129,1.0,0.0,0.0,0.0,0.0,1.0,0.0,0.0,0.0,0.0,1.0,1.0,0.0,0.0,0.0,1.0,0.0,0.0,0.0,0
-0.42857142857142855,-0.22400336661304462,-0.35601412866589904,-0.5262502593899147,0.5,1.4285714285714286,-0.03704127129301469,-0.13949594085110933,1.4285714285714277,-0.03704127129301474,1.0,0.0,0.0,0.0,0.0,1.0,0.0,0.0,0.0,0.0,1.0,1.0,0.0,0.0,0.0,0.0,0.0,1.0,0.0,0
-1.0,-0.060040235774600034,-0.27148642051591176,-0.543681261672546,-1.0,0.8571428571428571,-0.3653824168286269,-0.15943827891135987,0.8571428571428569,-0.36538241682862704,1.0,0.0,0.0,1.0,0.0,0.0,0.0,1.0,0.0,0.0,0.0,1.0,0.0,0.0,0.0,1.0,0.0,0.0,0.0,0
0.7142857142857143,-1.0912041821591805,-0.6206175117744904,-0.3311890433699935,-1.0,0.5714285714285714,1.5959757631187836,0.7197157626568106,0.5714285714285707,1.5959757631187839,0.0,1.0,0.0,0.0,0.0,1.0,0.0,1.0,0.0,0.0,0.0,1.0,0.0,0.0,0.0,0.0,0.0,0.0,1.0,0
0.5,0.1873577138519941,-0.8862079119656484,1.251711973438472,1.0,-0.7142857142857143,-0.03978506916657128,-0.6358948143083574,-0.7142857142857142,-0.03978506916657134,0.0,1.0,0.0,1.0,0.0,0.0,0.0,1.0,0.0,0.0,0.0,1.0,0.0,0.0,1.0,0.0,0.0,0.0,0.0,0
-0.07142857142857142,-0.34571573630973307,-0.1395980079290409,1.4318323303589953,-0.5,-0.2857142857142857,1.7048130787698637,0.12971083767898492,-0.28571428571428575,1.7048130787698639,0.0,1.0,0.0,0.0,0.0,0.0,1.0,1.0,0.0,0.0,0.0,0.0,1.0,0.0,0.0,1.0,0.0,0.0,0.0,0
1.4285714285714286,2.088782939380379,0.1256417056047347,0.17431002282631247,1.0,-0.14285714285714285,0.33657253915628216,-0.4546964422107955,-0.14285714285714307,0.3365725391562822,1.0,0.0,0.0,0.0,1.0,0.0,0.0,0.0,1.0,0.0,0.0,0.0,1.0,0.0,0.0,0.0,1.0,0.0,0.0,0
-0.8571428571428571,0.020611229215684878,-0.017968888911490254,-0.3071176592654077,0.0,-0.42857142857142855,-0.30593346290156614,-0.023711340367812965,-0.4285714285714288,-0.30593346290156626,0.0,1.0,0.0,0.0,0.0,1.0,0.0,1.0,0.0,0.0,0.0,1.0,0.0,0.0,1.0,0.0,0.0,0.0,0.0,0
-1.2142857142857142,-0.7092303040632971,-0.08268051122535325,-0.810126582278481,0.0,-0.8571428571428571,-0.24419801074654165,0.6600779619653355,-0.8571428571428573,-0.24419801074654174,1.0,0.0,0.0,0.0,1.0,0.0,0.0,1.0,0.0,0.0,0.0,1.0,0.0,0.0,0.0,1.0,0.0,0.0,0.0,1
-0.5714285714285714,-0.03554713340404986,0.052847684969261226,0.3511101888358576,0.5,-0.42857142857142855,-0.7376243283411456,0.05788425347886989,-0.4285714285714288,-0.7376243283411457,0.0,0.0,1.0,0.0,0.0,1.0,0.0,0.0,0.0,1.0,0.0,0.0,0.0,1.0,0.0,0.0,0.0,1.0,0.0,0
-0.07142857142857142,-0.6460171493443643,1.0698967945570492,1.2782735007262915,0.0,0.8571428571428571,0.4394649594146564,1.9533228134944092,0.8571428571428569,0.43946495941465635,1.0,0.0,0.0,0.0,1.0,0.0,0.0,0.0,0.0,1.0,0.0,1.0,0.0,0.0,0.0,0.0,0.0,1.0,0.0,0
0.21428571428571427,0.4470644131184033,-0.11330559886340236,-0.15355882963270384,0.0,-0.2857142857142857,-1.012918714987996,-0.2542915025339921,-0.28571428571428575,-1.0129187149879961,1.0,0.0,0.0,0.0,0.0,1.0,0.0,0.0,0.0,0.0,1.0,1.0,0.0,0.0,0.0,0.0,1.0,0.0,0.0,1
-0.21428571428571427,0.2628113351247794,-0.34048299249149777,-1.657605312305457,-1.0,-1.1428571428571428,0.3480050302961015,-0.32546443768301203,-1.1428571428571428,0.3480050302961016,0.0,1.0,0.0,0.0,0.0,1.0,0.0,1.0,0.0,0.0,0.0,1.0,0.0,0.0,0.0,0.0,0.0,0.0,1.0,1
0.2857142857142857,1.0362189646022038,-0.1718138941047274,0.49387839800788536,0.5,0.5714285714285714,-0.5332113867611753,-0.41473312093494574,0.5714285714285707,-0.5332113867611754,0.0,1.0,0.0,0.0,0.0,1.0,0.0,0.0,0.0,0.0,1.0,1.0,0.0,0.0,1.0,0.0,0.0,0.0,0.0,0
-1.0,-0.5199255487203435,0.5353181036590879,0.7163311890433695,0.0,-0.42857142857142855,0.1518234823368012,1.0207119435119172,-0.4285714285714288,0.15182348233680126,1.0,0.0,0.0,0.0,0.0,1.0,0.0,0.0,0.0,0.0,1.0,1.0,0.0,0.0,0.0,0.0,0.0,1.0,0.0,0
1.1428571428571428,0.03278438622460274,1.6717269794555873,0.0,0.0,0.0,0.2409969132273924,1.108091485796023,0.0,0.24099691322739242,0.0,1.0,0.0,0.0,0.0,1.0,0.0,0.0,1.0,0.0,0.0,0.0,1.0,0.0,0.0,0.0,0.0,1.0,0.0,1
-0.07142857142857142,-0.7806106296766688,-0.36849631229824503,0.1452583523552604,-0.5,-0.8571428571428571,-0.46873213673259406,0.39683147871135294,-0.8571428571428573,-0.4687321367325942,0.0,1.0,0.0,0.0,0.0,1.0,0.0,0.0,1.0,0.0,0.0,1.0,0.0,0.0,1.0,0.0,0.0,0.0,0.0,0
0.8571428571428571,0.7049831231592343,0.0961958578696073,0.339489520647437,-0.5,0.14285714285714285,-0.27163598948210804,-0.22543782843402357,0.14285714285714232,-0.2716359894821081,1.0,0.0,0.0,0.0,0.0,1.0,0.0,0.0,1.0,0.0,0.0,1.0,0.0,0.0,1.0,0.0,0.0,0.0,0.0,0
0.2857142857142857,0.495925463751846,0.2992494250321222,0.0,-0.5,-0.7142857142857143,0.9200868869326625,-0.055847688801313654,-0.7142857142857142,0.9200868869326628,1.0,0.0,0.0,0.0,0.0,1.0,0.0,0.0,0.0,0.0,1.0,0.0,1.0,0.0,0.0,0.0,1.0,0.0,0.0,0
0.35714285714285715,0.4709829910686467,-0.5353820174599044,-0.5370408798505917,0.5,0.5714285714285714,1.0293815022293358,-0.4820216456240946,0.5714285714285707,1.0293815022293358,1.0,0.0,0.0,0.0,0.0,1.0,0.0,1.0,0.0,0.0,0.0,1.0,0.0,0.0,0.0,0.0,1.0,0.0,0.0,1
0.42857142857142855,0.006027476451242541,0.03571083153196722,0.7379124299647226,-0.5,-0.2857142857142857,0.12667200182919872,0.02108825964875552,-0.28571428571428575,0.12667200182919863,1.0,0.0,0.0,0.0,1.0,0.0,0.0,0.0,0.0,0.0,1.0,0.0,1.0,0.0,0.0,0.0,0.0,1.0,0.0,0
0.35714285714285715,0.3858257618602497,-0.7041230945672328,-0.26395517742270136,1.0,-0.14285714285714285,0.5620212644335201,-0.557960286054156,-0.14285714285714307,0.5620212644335202,1.0,0.0,0.0,1.0,0.0,0.0,0.0,0.0,0.0,0.0,1.0,0.0,1.0,0.0,1.0,0.0,0.0,0.0,0.0,0
0.5,0.0,-0.78967518515098,-1.0267690392197553,0.0,0.5714285714285714,1.339430661941237,-0.5437752833349433,0.5714285714285707,1.339430661941237,0.0,1.0,0.0,0.0,0.0,1.0,0.0,0.0,0.0,0.0,1.0,1.0,0.0,0.0,1.0,0.0,0.0,0.0,0.0,0
1.0714285714285714,-0.2111521923640268,2.875483164903242,-1.4251919485370406,-0.5,0.14285714285714285,0.03841317022979306,2.4481689827959348,0.14285714285714232,0.03841317022979317,0.0,1.0,0.0,1.0,0.0,0.0,0.0,0.0,0.0,0.0,1.0,0.0,1.0,0.0,0.0,0.0,0.0,1.0,0.0,0
0.14285714285714285,4.722118521007558,-0.23437466012676914,0.910562357335547,-0.5,-0.2857142857142857,-0.6950954613010175,-0.6769729553848809,-0.28571428571428575,-0.6950954613010176,0.0,1.0,0.0,0.0,0.0,1.0,0.0,0.0,0.0,0.0,1.0,1.0,0.0,0.0,1.0,0.0,0.0,0.0,0.0,0
0.5714285714285714,-0.6642244758990892,0.18027859164233342,0.4556962025316453,0.5,0.2857142857142857,1.0906596547387677,0.9056805376745737,0.28571428571428537,1.090659654738768,0.0,1.0,0.0,0.0,0.0,1.0,0.0,1.0,0.0,0.0,0.0,0.0,0.0,1.0,0.0,0.0,0.0,1.0,0.0,1
-0.07142857142857142,-0.5600381433374607,0.007215680939994281,0.08300477277443452,0.0,-0.5714285714285714,-0.5803132502572309,0.5171696212483491,-0.5714285714285715,-0.5803132502572311,1.0,0.0,0.0,0.0,1.0,0.0,0.0,0.0,0.0,1.0,0.0,1.0,0.0,0.0,0.0,0.0,0.0,1.0,0.0,0
1.1428571428571428,0.08690953545103344,-0.5287218250704182,-0.2896866569827763,-1.0,0.5714285714285714,-0.5725391562821539,-0.39037214877607673,0.5714285714285707,-0.572539156282154,1.0,0.0,0.0,0.0,0.0,0.0,1.0,1.0,0.0,0.0,0.0,0.0,0.0,1.0,0.0,0.0,0.0,1.0,0.0,0
-0.5,0.0,2.6904200940310465,-0.35277028429134666,0.5,-1.2857142857142858,0.5359551846347319,1.8526127795082674,-1.2857142857142858,0.5359551846347319,1.0,0.0,0.0,0.0,0.0,0.0,1.0,1.0,0.0,0.0,0.0,0.0,1.0,0.0,0.0,0.0,0.0,1.0,0.0,1
1.4285714285714286,-0.19084171971884967,-0.6271413161867818,-0.7379124299647226,-0.5,-0.7142857142857143,-0.5414427803818452,-0.3717279180594365,-0.7142857142857142,-0.5414427803818453,0.0,1.0,0.0,0.0,1.0,0.0,0.0,0.0,0.0,0.0,1.0,1.0,0.0,0.0,0.0,1.0,0.0,0.0,0.0,0
0.0,-0.1762916622910842,1.6354490436866589,-0.2838763228885664,-1.0,0.14285714285714285,-0.8990511032353948,1.39133771693067,0.14285714285714232,-0.8990511032353952,0.0,1.0,0.0,1.0,0.0,0.0,0.0,0.0,0.0,0.0,1.0,1.0,0.0,0.0,0.0,1.0,0.0,0.0,0.0,0
-1.1428571428571428,-0.29353369384594213,-0.6691472992699796,0.0,2.0,-0.7142857142857143,-0.23642391677146443,-0.3674524781290665,-0.7142857142857142,-0.23642391677146454,1.0,0.0,0.0,0.0,0.0,0.0,1.0,0.0,0.0,0.0,1.0,0.0,0.0,1.0,0.0,0.0,1.0,0.0,0.0,0
0.07142857142857142,-0.3742904364812378,-0.1168393824509286,-0.4988586843743516,-0.5,-0.14285714285714285,-0.6964673602377958,0.1756452239569905,-0.14285714285714307,-0.6964673602377959,1.0,0.0,0.0,0.0,1.0,0.0,0.0,1.0,0.0,0.0,0.0,0.0,1.0,0.0,0.0,1.0,0.0,0.0,0.0,0
-0.5,0.2666787538996658,-0.5554403536668242,-0.1983814069308983,1.0,0.8571428571428571,0.6626271864639306,-0.45205376065487335,0.8571428571428569,0.6626271864639308,1.0,0.0,0.0,0.0,1.0,0.0,0.0,0.0,0.0,0.0,1.0,1.0,0.0,0.0,0.0,0.0,0.0,1.0,0.0,0
0.6428571428571429,-0.8298573377710667,0.5259525298135896,0.45071591616517903,0.5,0.42857142857142855,0.3287984451812049,1.8889433562990499,0.42857142857142844,0.3287984451812049,0.0,1.0,0.0,0.0,0.0,0.0,1.0,0.0,0.0,0.0,1.0,0.0,1.0,0.0,0.0,0.0,0.0,1.0,0.0,1
-0.5,1.52607097913206,-0.20292551935829492,-0.007470429549698917,0.5,0.42857142857142855,1.2612324225448726,-0.4943416045366598,0.42857142857142844,1.2612324225448726,0.0,1.0,0.0,1.0,0.0,0.0,0.0,0.0,0.0,1.0,0.0,1.0,0.0,0.0,0.0,0.0,1.0,0.0,0.0,0
-0.35714285714285715,-0.45114920197050373,-0.3108088772498365,0.5818634571487862,0.5,0.8571428571428571,0.36949811363896184,0.05925159209835979,0.8571428571428569,0.36949811363896196,0.0,1.0,0.0,0.0,1.0,0.0,0.0,1.0,0.0,0.0,0.0,1.0,0.0,0.0,0.0,1.0,0.0,0.0,0.0,0
-1.4285714285714286,0.7296771806235616,0.848465890209867,0.9728159369163729,0.5,0.5714285714285714,0.09145992911855494,0.11487486438242392,0.5714285714285707,0.09145992911855504,0.0,1.0,0.0,0.0,0.0,1.0,0.0,0.0,1.0,0.0,0.0,1.0,0.0,0.0,0.0,1.0,0.0,0.0,0.0,0
-0.35714285714285715,-0.7429443002766147,0.04251038463356996,0.7669641004357747,-0.5,1.0,1.6782896993254828,0.9011851805268407,0.9999999999999992,1.6782896993254834,0.0,1.0,0.0,1.0,0.0,0.0,0.0,0.0,0.0,0.0,1.0,1.0,0.0,0.0,1.0,0.0,0.0,0.0,0.0,0
-1.4285714285714286,0.666043780694388,0.47057400146367295,-1.7392405063291134,-1.0,0.2857142857142857,-0.07499714187721507,-0.03643571100161797,0.28571428571428537,-0.07499714187721518,1.0,0.0,0.0,1.0,0.0,0.0,0.0,1.0,0.0,0.0,0.0,0.0,1.0,0.0,1.0,0.0,0.0,0.0,0.0,0
-1.2142857142857142,0.66971573406518,-0.5307565795483531,0.02905167047105208,-0.5,-0.2857142857142857,-0.8478335429290041,-0.5127747077833834,-0.28571428571428575,-0.8478335429290045,1.0,0.0,0.0,0.0,0.0,0.0,1.0,1.0,0.0,0.0,0.0,1.0,0.0,0.0,1.0,0.0,0.0,0.0,0.0,0
0.5714285714285714,0.3546719081214165,-0.685005271133828,-0.6715086117451751,-0.5,1.5714285714285714,0.5684234594718189,-0.5425741618386287,1.5714285714285707,0.5684234594718188,1.0,0.0,0.0,0.0,0.0,0.0,1.0,0.0,1.0,0.0,0.0,0.0,1.0,0.0,0.0,1.0,0.0,0.0,0.0,0
0.0,-0.621889503458447,0.10273738859013552,0.5428512139448015,-1.0,1.1428571428571428,-0.09831942380244649,0.7279071587392475,1.1428571428571423,-0.0983194238024464,1.0,0.0,0.0,0.0,0.0,1.0,0.0,1.0,0.0,0.0,0.0,1.0,0.0,0.0,0.0,0.0,0.0,1.0,0.0,1
0.35714285714285715,0.22351697469854087,-0.1952301821336195,1.206059348412533,-0.5,0.7142857142857143,0.13810449296901808,-0.22672308776917663,0.7142857142857139,0.138104492969018,0.0,1.0,0.0,0.0,1.0,0.0,0.0,1.0,0.0,0.0,0.0,1.0,0.0,0.0,1.0,0.0,0.0,0.0,0.0,0
-0.7857142857142857,-0.7067133759933152,0.5855661869899674,0.26229508196721324,0.5,0.0,-0.492969017949011,1.5344705788342305,0.0,-0.4929690179490111,1.0,0.0,0.0,0.0,0.0,0.0,1.0,1.0,0.0,0.0,0.0,1.0,0.0,0.0,0.0,0.0,0.0,1.0,0.0,0
-0.07142857142857142,-0.1883400978772458,-0.03754170593985529,1.3737289894168911,-1.0,-0.14285714285714285,-0.3887046987538585,0.09244475729609407,-0.14285714285714307,-0.3887046987538585,0.0,1.0,0.0,0.0,0.0,0.0,1.0,0.0,1.0,0.0,0.0,1.0,0.0,0.0,0.0,1.0,0.0,0.0,0.0,0
0.0,1.137352867443066,0.18262573101495705,-1.0558207096908074,-1.0,0.2857142857142857,-0.07225334400365832,-0.292988011780103,0.28571428571428537,-0.07225334400365832,0.0,1.0,0.0,1.0,0.0,0.0,0.0,0.0,0.0,0.0,1.0,1.0,0.0,0.0,0.0,0.0,0.0,1.0,0.0,0
-0.9285714285714286,0.8225885559454444,-0.7505367352036438,-0.7935256277235941,0.0,0.14285714285714285,-0.7865553904195725,-0.6317356480311147,0.14285714285714232,-0.7865553904195726,0.0,1.0,0.0,0.0,0.0,0.0,1.0,0.0,0.0,0.0,1.0,1.0,0.0,0.0,1.0,0.0,0.0,0.0,0.0,0
1.2142857142857142,0.0,2.627966401516833,0.624195891263748,-0.5,-0.14285714285714285,-0.30959186006630846,1.8096072663785465,-0.14285714285714307,-0.30959186006630857,0.0,1.0,0.0,0.0,0.0,0.0,1.0,0.0,0.0,1.0,0.0,1.0,0.0,0.0,0.0,0.0,0.0,1.0,0.0,0
0.7142857142857143,-0.6125497835247016,-0.09579665810507536,0.20751193193608627,1.0,0.0,-0.004572996455927649,0.4781355711770613,0.0,-0.0045729964559277515,0.0,1.0,0.0,0.0,0.0,0.0,1.0,1.0,0.0,0.0,0.0,1.0,0.0,0.0,0.0,0.0,0.0,0.0,1.0,1
0.0,0.6387394433926559,0.6642386257811661,0.9479145050840425,-1.0,0.5714285714285714,0.6347319080827714,0.06709621450968759,0.5714285714285707,0.6347319080827716,0.0,1.0,0.0,0.0,0.0,0.0,1.0,1.0,0.0,0.0,0.0,1.0,0.0,0.0,1.0,0.0,0.0,0.0,0.0,0
0.0,0.020641949843666713,-0.4681652053667471,0.00996057273293252,0.0,1.0,-0.7440265233794444,-0.32947574719983197,0.9999999999999992,-0.7440265233794446,0.0,1.0,0.0,1.0,0.0,0.0,0.0,0.0,0.0,1.0,0.0,1.0,0.0,0.0,0.0,1.0,0.0,0.0,0.0,0
0.14285714285714285,-1.0675265296521699,0.27186902251046413,-0.5918240298817177,1.0,0.5714285714285714,-0.34388933348576656,2.825784065321224,0.5714285714285707,-0.34388933348576656,0.0,0.0,1.0,0.0,0.0,1.0,0.0,1.0,0.0,0.0,0.0,1.0,0.0,0.0,1.0,0.0,0.0,0.0,0.0,0
-1.4285714285714286,0.8048156450314728,-0.6513642613417424,-0.13031749325586256,0.0,0.42857142857142855,-0.6452497999314051,-0.5858633455372005,0.42857142857142844,-0.6452497999314052,0.0,1.0,0.0,0.0,0.0,1.0,0.0,0.0,0.0,0.0,1.0,0.0,0.0,1.0,0.0,0.0,1.0,0.0,0.0,0
-0.21428571428571427,0.0,0.4063924067762199,-1.0608009960572726,1.0,-0.14285714285714285,0.06905224648450904,0.27983495423351123,-0.14285714285714307,0.069052246484509,0.0,1.0,0.0,0.0,1.0,0.0,0.0,0.0,0.0,1.0,0.0,1.0,0.0,0.0,1.0,0.0,0.0,0.0,0.0,0
-0.5714285714285714,1.398952184552712,-0.21776645804971775,-0.7752645777132182,-0.5,-0.8571428571428571,-0.3932776952097861,-0.4844019669100427,-0.8571428571428573,-0.3932776952097863,0.0,1.0,0.0,0.0,0.0,0.0,1.0,0.0,1.0,0.0,0.0,1.0,0.0,0.0,0.0,1.0,0.0,0.0,0.0,0
-0.7857142857142857,-0.6683302770117019,0.04232880007543592,0.7072006640381825,0.0,-0.5714285714285714,-0.6886932662627187,0.7415225894773203,-0.5714285714285715,-0.6886932662627188,1.0,0.0,0.0,1.0,0.0,0.0,0.0,0.0,0.0,0.0,1.0,1.0,0.0,0.0,1.0,0.0,0.0,0.0,0.0,0
-0.21428571428571427,-1.0912041821591805,0.6646758380172433,0.6366466071799131,-1.0,0.42857142857142855,0.46324454098548085,4.071944885263265,0.42857142857142844,0.46324454098548085,0.0,1.0,0.0,0.0,1.0,0.0,0.0,0.0,0.0,1.0,0.0,0.0,0.0,1.0,0.0,1.0,0.0,0.0,0.0,0
1.4285714285714286,0.0,-0.6269423356242912,0.2772359410666111,0.0,0.2857142857142857,0.5743683548645251,-0.43171770250632957,0.28571428571428537,0.5743683548645253,0.0,1.0,0.0,0.0,1.0,0.0,0.0,1.0,0.0,0.0,0.0,1.0,0.0,0.0,0.0,0.0,0.0,0.0,1.0,1
0.5,0.26340308581271304,-0.39674343220151936,-1.193608632496368,0.0,1.4285714285714286,0.04755916314164853,-0.35853498394370614,1.4285714285714277,0.04755916314164842,0.0,1.0,0.0,0.0,0.0,1.0,0.0,1.0,0.0,0.0,0.0,1.0,0.0,0.0,0.0,1.0,0.0,0.0,0.0,0
-0.42857142857142855,-0.895734100741471,0.4115242280614245,-0.23241336376841665,1.0,-0.5714285714285714,2.442894706756602,1.9960668322522952,-0.5714285714285715,2.4428947067566025,0.0,1.0,0.0,1.0,0.0,0.0,0.0,0.0,0.0,1.0,0.0,1.0,0.0,0.0,0.0,1.0,0.0,0.0,0.0,0
0.42857142857142855,-0.6143152731354198,3.143873426947555,-0.8433284913882548,-0.5,0.0,0.259746198696696,4.289873785258405,0.0,0.25974619869669613,0.0,1.0,0.0,1.0,0.0,0.0,0.0,1.0,0.0,0.0,0.0,1.0,0.0,0.0,1.0,0.0,0.0,0.0,0.0,1
